usuario_id,fecha_evento,tipo_evento,detalle
432,2026-03-21 00:00:00,descarga_guia,pdf
136,2026-03-06 00:00:00,login,web
238,2026-03-10 00:00:00,ver_tutorial,texto
244,2026-03-22 00:00:00,simulacion,pausa
362,2026-03-09 00:00:00,ver_tutorial,texto
75,2026-03-10 00:00:00,ver_tutorial,video
475,2026-03-22 00:00:00,ver_tutorial,texto
162,2026-03-18 00:00:00,login,web
327,2026-03-20 00:00:00,descarga_guia,html
471,2026-03-09 00:00:00,descarga_guia,html
137,2026-03-21 00:00:00,login,mobile
300,2026-03-25 00:00:00,ver_tutorial,texto
346,2026-03-22 00:00:00,simulacion,fin
302,2026-03-11 00:00:00,simulacion,fin
347,2026-03-18 00:00:00,simulacion,pausa
6,2026-03-01 00:00:00,login,web
211,2026-03-04 00:00:00,login,tablet
351,2026-03-08 00:00:00,ver_tutorial,texto
372,2026-03-07 00:00:00,descarga_guia,html
18,2026-03-03 00:00:00,login,tablet
30,2026-03-21 00:00:00,simulacion,fin
63,2026-03-20 00:00:00,login,web
67,2026-03-04 00:00:00,ver_tutorial,video
357,2026-03-10 00:00:00,simulacion,pausa
240,2026-03-15 00:00:00,login,tablet
473,2026-03-23 00:00:00,descarga_guia,html
463,2026-03-06 00:00:00,descarga_guia,html
400,2026-03-25 00:00:00,login,mobile
32,2026-03-11 00:00:00,ver_tutorial,texto
31,2026-03-06 00:00:00,descarga_guia,html
226,2026-03-07 00:00:00,login,mobile
313,2026-03-21 00:00:00,ver_tutorial,video
252,2026-03-18 00:00:00,login,web
394,2026-03-20 00:00:00,ver_tutorial,video
330,2026-03-23 00:00:00,login,mobile
133,2026-03-03 00:00:00,login,web
37,2026-03-01 00:00:00,descarga_guia,html
460,2026-03-21 00:00:00,ver_tutorial,video
328,2026-03-22 00:00:00,login,web
200,2026-03-23 00:00:00,descarga_guia,pdf
169,2026-03-17 00:00:00,ver_tutorial,video
363,2026-03-14 00:00:00,ver_tutorial,texto
207,2026-03-08 00:00:00,login,tablet
2,2026-03-04 00:00:00,ver_tutorial,texto
291,2026-03-22 00:00:00,descarga_guia,html
156,2026-03-21 00:00:00,ver_tutorial,video
491,2026-03-18 00:00:00,login,mobile
437,2026-03-15 00:00:00,descarga_guia,pdf
390,2026-03-06 00:00:00,descarga_guia,pdf
284,2026-03-22 00:00:00,login,mobile
98,2026-03-04 00:00:00,descarga_guia,html
323,2026-03-03 00:00:00,descarga_guia,html
454,2026-03-05 00:00:00,ver_tutorial,video
19,2026-03-24 00:00:00,simulacion,inicio
304,2026-03-13 00:00:00,simulacion,pausa
33,2026-03-18 00:00:00,descarga_guia,html
495,2026-03-02 00:00:00,ver_tutorial,video
174,2026-03-26 00:00:00,login,mobile
370,2026-03-04 00:00:00,login,mobile
109,2026-03-24 00:00:00,ver_tutorial,video
297,2026-03-02 00:00:00,simulacion,inicio
377,2026-03-21 00:00:00,simulacion,pausa
10,2026-03-08 00:00:00,ver_tutorial,video
360,2026-03-06 00:00:00,simulacion,inicio
324,2026-03-26 00:00:00,login,mobile
50,2026-03-19 00:00:00,ver_tutorial,video
33,2026-03-16 00:00:00,login,web
305,2026-03-26 00:00:00,simulacion,inicio
104,2026-03-26 00:00:00,ver_tutorial,texto
428,2026-03-04 00:00:00,ver_tutorial,texto
500,2026-03-26 00:00:00,simulacion,pausa
110,2026-03-06 00:00:00,login,tablet
172,2026-03-09 00:00:00,login,web
73,2026-03-23 00:00:00,ver_tutorial,video
190,2026-03-08 00:00:00,simulacion,pausa
474,2026-03-04 00:00:00,login,web
406,2026-03-01 00:00:00,ver_tutorial,video
451,2026-03-01 00:00:00,ver_tutorial,video
4,2026-03-23 00:00:00,simulacion,inicio
334,2026-03-23 00:00:00,descarga_guia,html
414,2026-03-07 00:00:00,ver_tutorial,video
74,2026-03-14 00:00:00,descarga_guia,html
123,2026-03-23 00:00:00,simulacion,fin
20,2026-03-16 00:00:00,simulacion,fin
314,2026-03-26 00:00:00,login,tablet
155,2026-03-01 00:00:00,descarga_guia,html
286,2026-03-04 00:00:00,simulacion,inicio
272,2026-03-12 00:00:00,login,tablet
442,2026-03-25 00:00:00,simulacion,pausa
321,2026-03-02 00:00:00,simulacion,pausa
100,2026-03-22 00:00:00,login,web
433,2026-03-06 00:00:00,ver_tutorial,texto
82,2026-03-21 00:00:00,login,web
187,2026-03-14 00:00:00,descarga_guia,pdf
129,2026-03-02 00:00:00,descarga_guia,html
54,2026-03-06 00:00:00,login,tablet
81,2026-03-17 00:00:00,login,mobile
60,2026-03-24 00:00:00,login,web
228,2026-03-07 00:00:00,descarga_guia,html
383,2026-03-25 00:00:00,descarga_guia,pdf
57,2026-03-04 00:00:00,descarga_guia,pdf
122,2026-03-13 00:00:00,ver_tutorial,video
457,2026-03-16 00:00:00,simulacion,inicio
300,2026-03-14 00:00:00,ver_tutorial,video
75,2026-03-15 00:00:00,simulacion,fin
92,2026-03-05 00:00:00,ver_tutorial,texto
235,2026-03-12 00:00:00,simulacion,fin
500,2026-03-11 00:00:00,descarga_guia,pdf
66,2026-03-19 00:00:00,login,tablet
31,2026-03-04 00:00:00,descarga_guia,pdf
437,2026-03-14 00:00:00,ver_tutorial,texto
88,2026-03-10 00:00:00,descarga_guia,pdf
310,2026-03-20 00:00:00,simulacion,fin
464,2026-03-18 00:00:00,simulacion,fin
438,2026-03-14 00:00:00,simulacion,inicio
439,2026-03-19 00:00:00,ver_tutorial,video
243,2026-03-01 00:00:00,ver_tutorial,texto
374,2026-03-08 00:00:00,ver_tutorial,video
168,2026-03-19 00:00:00,ver_tutorial,video
485,2026-03-01 00:00:00,simulacion,fin
214,2026-03-16 00:00:00,login,web
376,2026-03-17 00:00:00,login,mobile
202,2026-03-15 00:00:00,ver_tutorial,video
254,2026-03-18 00:00:00,simulacion,inicio
386,2026-03-24 00:00:00,login,tablet
209,2026-03-12 00:00:00,simulacion,inicio
152,2026-03-03 00:00:00,simulacion,fin
9,2026-03-06 00:00:00,ver_tutorial,texto
361,2026-03-15 00:00:00,ver_tutorial,video
238,2026-03-13 00:00:00,simulacion,fin
95,2026-03-23 00:00:00,descarga_guia,html
325,2026-03-03 00:00:00,login,tablet
198,2026-03-10 00:00:00,descarga_guia,pdf
219,2026-03-26 00:00:00,descarga_guia,pdf
351,2026-03-11 00:00:00,login,tablet
377,2026-03-22 00:00:00,login,tablet
187,2026-03-13 00:00:00,login,web
188,2026-03-12 00:00:00,ver_tutorial,video
188,2026-03-18 00:00:00,simulacion,fin
361,2026-03-23 00:00:00,login,tablet
397,2026-03-11 00:00:00,simulacion,inicio
123,2026-03-16 00:00:00,login,tablet
378,2026-03-25 00:00:00,simulacion,fin
116,2026-03-09 00:00:00,descarga_guia,html
258,2026-03-02 00:00:00,ver_tutorial,texto
33,2026-03-15 00:00:00,descarga_guia,html
249,2026-03-23 00:00:00,login,mobile
273,2026-03-20 00:00:00,descarga_guia,html
189,2026-03-15 00:00:00,login,web
45,2026-03-06 00:00:00,login,mobile
148,2026-03-06 00:00:00,login,web
142,2026-03-05 00:00:00,login,tablet
255,2026-03-17 00:00:00,simulacion,inicio
488,2026-03-14 00:00:00,login,mobile
497,2026-03-12 00:00:00,simulacion,pausa
216,2026-03-10 00:00:00,ver_tutorial,video
97,2026-03-26 00:00:00,login,web
119,2026-03-19 00:00:00,descarga_guia,html
176,2026-03-19 00:00:00,descarga_guia,html
341,2026-03-10 00:00:00,ver_tutorial,texto
291,2026-03-06 00:00:00,simulacion,pausa
405,2026-03-16 00:00:00,descarga_guia,pdf
191,2026-03-05 00:00:00,descarga_guia,pdf
181,2026-03-06 00:00:00,descarga_guia,html
317,2026-03-18 00:00:00,simulacion,fin
147,2026-03-23 00:00:00,simulacion,inicio
355,2026-03-08 00:00:00,simulacion,inicio
60,2026-03-19 00:00:00,login,mobile
65,2026-03-12 00:00:00,ver_tutorial,texto
95,2026-03-23 00:00:00,simulacion,fin
18,2026-03-05 00:00:00,descarga_guia,html
191,2026-03-18 00:00:00,ver_tutorial,video
155,2026-03-13 00:00:00,login,web
477,2026-03-15 00:00:00,ver_tutorial,video
476,2026-03-01 00:00:00,descarga_guia,pdf
497,2026-03-16 00:00:00,descarga_guia,html
459,2026-03-26 00:00:00,descarga_guia,pdf
290,2026-03-23 00:00:00,ver_tutorial,texto
58,2026-03-05 00:00:00,ver_tutorial,video
348,2026-03-01 00:00:00,login,mobile
206,2026-03-12 00:00:00,simulacion,pausa
48,2026-03-20 00:00:00,descarga_guia,pdf
329,2026-03-17 00:00:00,simulacion,fin
114,2026-03-01 00:00:00,descarga_guia,pdf
43,2026-03-17 00:00:00,ver_tutorial,video
202,2026-03-11 00:00:00,simulacion,pausa
309,2026-03-12 00:00:00,login,tablet
204,2026-03-14 00:00:00,simulacion,fin
190,2026-03-01 00:00:00,ver_tutorial,texto
146,2026-03-10 00:00:00,descarga_guia,html
229,2026-03-24 00:00:00,login,web
455,2026-03-26 00:00:00,ver_tutorial,texto
227,2026-03-26 00:00:00,descarga_guia,pdf
373,2026-03-05 00:00:00,ver_tutorial,texto
428,2026-03-07 00:00:00,login,web
156,2026-03-03 00:00:00,ver_tutorial,texto
478,2026-03-01 00:00:00,ver_tutorial,video
210,2026-03-06 00:00:00,descarga_guia,html
285,2026-03-07 00:00:00,ver_tutorial,video
96,2026-03-18 00:00:00,ver_tutorial,texto
252,2026-03-19 00:00:00,login,mobile
156,2026-03-08 00:00:00,ver_tutorial,texto
14,2026-03-09 00:00:00,login,web
154,2026-03-21 00:00:00,ver_tutorial,video
341,2026-03-06 00:00:00,descarga_guia,html
252,2026-03-04 00:00:00,simulacion,inicio
392,2026-03-03 00:00:00,descarga_guia,html
307,2026-03-19 00:00:00,descarga_guia,html
224,2026-03-23 00:00:00,descarga_guia,html
419,2026-03-17 00:00:00,login,mobile
376,2026-03-06 00:00:00,login,mobile
298,2026-03-11 00:00:00,login,web
237,2026-03-06 00:00:00,simulacion,pausa
28,2026-03-14 00:00:00,descarga_guia,html
326,2026-03-10 00:00:00,descarga_guia,pdf
150,2026-03-07 00:00:00,login,tablet
393,2026-03-20 00:00:00,simulacion,inicio
386,2026-03-11 00:00:00,simulacion,fin
447,2026-03-09 00:00:00,descarga_guia,html
351,2026-03-18 00:00:00,descarga_guia,pdf
297,2026-03-01 00:00:00,descarga_guia,pdf
71,2026-03-25 00:00:00,descarga_guia,html
249,2026-03-06 00:00:00,ver_tutorial,texto
53,2026-03-17 00:00:00,simulacion,inicio
114,2026-03-20 00:00:00,simulacion,fin
354,2026-03-15 00:00:00,login,mobile
470,2026-03-05 00:00:00,login,web
473,2026-03-12 00:00:00,login,mobile
160,2026-03-15 00:00:00,descarga_guia,pdf
456,2026-03-23 00:00:00,descarga_guia,pdf
156,2026-03-04 00:00:00,login,tablet
114,2026-03-05 00:00:00,simulacion,fin
353,2026-03-05 00:00:00,simulacion,pausa
108,2026-03-14 00:00:00,simulacion,inicio
354,2026-03-01 00:00:00,login,web
397,2026-03-02 00:00:00,ver_tutorial,texto
101,2026-03-26 00:00:00,login,web
338,2026-03-04 00:00:00,login,mobile
466,2026-03-03 00:00:00,descarga_guia,pdf
155,2026-03-26 00:00:00,login,web
64,2026-03-07 00:00:00,simulacion,fin
95,2026-03-03 00:00:00,descarga_guia,pdf
75,2026-03-12 00:00:00,descarga_guia,html
83,2026-03-19 00:00:00,simulacion,fin
35,2026-03-25 00:00:00,login,tablet
8,2026-03-07 00:00:00,simulacion,fin
494,2026-03-25 00:00:00,descarga_guia,pdf
276,2026-03-04 00:00:00,login,tablet
474,2026-03-23 00:00:00,simulacion,fin
244,2026-03-15 00:00:00,descarga_guia,pdf
345,2026-03-12 00:00:00,login,web
195,2026-03-17 00:00:00,ver_tutorial,video
117,2026-03-25 00:00:00,ver_tutorial,video
161,2026-03-04 00:00:00,login,mobile
267,2026-03-25 00:00:00,simulacion,pausa
185,2026-03-03 00:00:00,descarga_guia,pdf
168,2026-03-13 00:00:00,ver_tutorial,video
146,2026-03-22 00:00:00,ver_tutorial,texto
500,2026-03-18 00:00:00,ver_tutorial,video
209,2026-03-07 00:00:00,descarga_guia,html
439,2026-03-22 00:00:00,login,mobile
189,2026-03-22 00:00:00,simulacion,inicio
252,2026-03-15 00:00:00,login,mobile
268,2026-03-05 00:00:00,login,web
203,2026-03-24 00:00:00,ver_tutorial,video
474,2026-03-12 00:00:00,simulacion,inicio
500,2026-03-07 00:00:00,simulacion,pausa
305,2026-03-08 00:00:00,ver_tutorial,video
430,2026-03-09 00:00:00,ver_tutorial,texto
392,2026-03-12 00:00:00,descarga_guia,html
244,2026-03-17 00:00:00,ver_tutorial,texto
143,2026-03-04 00:00:00,simulacion,pausa
63,2026-03-16 00:00:00,descarga_guia,html
119,2026-03-04 00:00:00,simulacion,inicio
378,2026-03-16 00:00:00,login,web
348,2026-03-13 00:00:00,login,web
310,2026-03-10 00:00:00,descarga_guia,pdf
319,2026-03-22 00:00:00,login,web
385,2026-03-07 00:00:00,ver_tutorial,texto
151,2026-03-17 00:00:00,ver_tutorial,texto
134,2026-03-25 00:00:00,descarga_guia,pdf
17,2026-03-13 00:00:00,ver_tutorial,video
231,2026-03-15 00:00:00,descarga_guia,html
236,2026-03-06 00:00:00,login,web
286,2026-03-16 00:00:00,descarga_guia,pdf
221,2026-03-23 00:00:00,simulacion,pausa
200,2026-03-19 00:00:00,ver_tutorial,video
346,2026-03-16 00:00:00,ver_tutorial,texto
288,2026-03-02 00:00:00,simulacion,fin
201,2026-03-19 00:00:00,descarga_guia,html
498,2026-03-25 00:00:00,ver_tutorial,texto
146,2026-03-01 00:00:00,descarga_guia,pdf
303,2026-03-12 00:00:00,login,web
179,2026-03-11 00:00:00,login,tablet
195,2026-03-12 00:00:00,login,mobile
183,2026-03-02 00:00:00,ver_tutorial,texto
339,2026-03-08 00:00:00,simulacion,inicio
332,2026-03-23 00:00:00,descarga_guia,pdf
34,2026-03-11 00:00:00,descarga_guia,pdf
87,2026-03-11 00:00:00,login,tablet
20,2026-03-19 00:00:00,ver_tutorial,texto
264,2026-03-01 00:00:00,ver_tutorial,texto
357,2026-03-11 00:00:00,ver_tutorial,video
194,2026-03-19 00:00:00,ver_tutorial,texto
51,2026-03-23 00:00:00,ver_tutorial,video
346,2026-03-16 00:00:00,simulacion,pausa
258,2026-03-20 00:00:00,descarga_guia,pdf
154,2026-03-07 00:00:00,descarga_guia,html
255,2026-03-07 00:00:00,login,tablet
148,2026-03-10 00:00:00,descarga_guia,pdf
294,2026-03-20 00:00:00,ver_tutorial,video
381,2026-03-19 00:00:00,login,tablet
49,2026-03-03 00:00:00,descarga_guia,html
291,2026-03-07 00:00:00,ver_tutorial,texto
178,2026-03-10 00:00:00,login,tablet
259,2026-03-22 00:00:00,descarga_guia,html
277,2026-03-14 00:00:00,descarga_guia,pdf
206,2026-03-22 00:00:00,descarga_guia,html
391,2026-03-21 00:00:00,simulacion,inicio
361,2026-03-16 00:00:00,simulacion,fin
110,2026-03-21 00:00:00,ver_tutorial,texto
273,2026-03-17 00:00:00,ver_tutorial,video
103,2026-03-05 00:00:00,descarga_guia,html
124,2026-03-22 00:00:00,simulacion,fin
392,2026-03-14 00:00:00,descarga_guia,html
164,2026-03-07 00:00:00,login,tablet
434,2026-03-10 00:00:00,ver_tutorial,texto
331,2026-03-22 00:00:00,simulacion,pausa
308,2026-03-08 00:00:00,simulacion,pausa
59,2026-03-01 00:00:00,simulacion,inicio
126,2026-03-16 00:00:00,descarga_guia,html
287,2026-03-21 00:00:00,ver_tutorial,texto
464,2026-03-06 00:00:00,login,web
140,2026-03-09 00:00:00,simulacion,inicio
405,2026-03-21 00:00:00,descarga_guia,pdf
437,2026-03-16 00:00:00,login,tablet
401,2026-03-03 00:00:00,login,web
161,2026-03-14 00:00:00,descarga_guia,pdf
460,2026-03-13 00:00:00,descarga_guia,pdf
483,2026-03-04 00:00:00,simulacion,inicio
293,2026-03-22 00:00:00,login,tablet
425,2026-03-03 00:00:00,descarga_guia,html
122,2026-03-11 00:00:00,login,mobile
427,2026-03-14 00:00:00,ver_tutorial,video
112,2026-03-06 00:00:00,simulacion,inicio
110,2026-03-14 00:00:00,descarga_guia,html
131,2026-03-18 00:00:00,login,mobile
192,2026-03-18 00:00:00,login,mobile
217,2026-03-09 00:00:00,ver_tutorial,video
451,2026-03-16 00:00:00,simulacion,pausa
367,2026-03-01 00:00:00,descarga_guia,html
331,2026-03-22 00:00:00,login,tablet
410,2026-03-26 00:00:00,login,tablet
344,2026-03-18 00:00:00,simulacion,pausa
197,2026-03-26 00:00:00,descarga_guia,html
351,2026-03-08 00:00:00,login,tablet
440,2026-03-01 00:00:00,ver_tutorial,texto
466,2026-03-10 00:00:00,ver_tutorial,texto
47,2026-03-07 00:00:00,simulacion,pausa
441,2026-03-21 00:00:00,simulacion,pausa
163,2026-03-09 00:00:00,ver_tutorial,video
444,2026-03-16 00:00:00,login,mobile
378,2026-03-23 00:00:00,ver_tutorial,texto
217,2026-03-23 00:00:00,login,web
134,2026-03-14 00:00:00,login,mobile
309,2026-03-23 00:00:00,descarga_guia,html
15,2026-03-21 00:00:00,login,tablet
95,2026-03-01 00:00:00,ver_tutorial,video
206,2026-03-10 00:00:00,simulacion,fin
161,2026-03-06 00:00:00,login,web
128,2026-03-22 00:00:00,simulacion,fin
211,2026-03-16 00:00:00,descarga_guia,html
448,2026-03-06 00:00:00,simulacion,pausa
352,2026-03-07 00:00:00,descarga_guia,html
44,2026-03-06 00:00:00,ver_tutorial,texto
202,2026-03-01 00:00:00,ver_tutorial,video
486,2026-03-21 00:00:00,login,tablet
314,2026-03-15 00:00:00,simulacion,inicio
102,2026-03-02 00:00:00,descarga_guia,pdf
206,2026-03-05 00:00:00,ver_tutorial,texto
46,2026-03-19 00:00:00,descarga_guia,pdf
61,2026-03-17 00:00:00,login,tablet
223,2026-03-04 00:00:00,ver_tutorial,texto
115,2026-03-26 00:00:00,simulacion,inicio
137,2026-03-13 00:00:00,descarga_guia,html
67,2026-03-20 00:00:00,ver_tutorial,video
111,2026-03-14 00:00:00,descarga_guia,pdf
93,2026-03-01 00:00:00,ver_tutorial,video
149,2026-03-20 00:00:00,descarga_guia,pdf
231,2026-03-19 00:00:00,simulacion,pausa
351,2026-03-01 00:00:00,ver_tutorial,video
241,2026-03-23 00:00:00,simulacion,pausa
204,2026-03-13 00:00:00,simulacion,fin
363,2026-03-03 00:00:00,ver_tutorial,texto
49,2026-03-11 00:00:00,login,web
477,2026-03-12 00:00:00,simulacion,pausa
311,2026-03-09 00:00:00,login,web
259,2026-03-13 00:00:00,ver_tutorial,texto
344,2026-03-18 00:00:00,descarga_guia,pdf
22,2026-03-06 00:00:00,simulacion,pausa
258,2026-03-15 00:00:00,ver_tutorial,texto
68,2026-03-23 00:00:00,login,mobile
272,2026-03-09 00:00:00,ver_tutorial,video
60,2026-03-05 00:00:00,descarga_guia,pdf
256,2026-03-14 00:00:00,descarga_guia,html
145,2026-03-17 00:00:00,descarga_guia,html
161,2026-03-11 00:00:00,ver_tutorial,video
378,2026-03-18 00:00:00,ver_tutorial,video
437,2026-03-07 00:00:00,ver_tutorial,video
77,2026-03-06 00:00:00,login,web
19,2026-03-06 00:00:00,ver_tutorial,texto
362,2026-03-04 00:00:00,ver_tutorial,texto
459,2026-03-15 00:00:00,ver_tutorial,video
183,2026-03-16 00:00:00,ver_tutorial,texto
58,2026-03-12 00:00:00,simulacion,inicio
48,2026-03-06 00:00:00,simulacion,pausa
428,2026-03-17 00:00:00,simulacion,fin
422,2026-03-19 00:00:00,descarga_guia,pdf
498,2026-03-25 00:00:00,login,tablet
293,2026-03-03 00:00:00,simulacion,pausa
127,2026-03-11 00:00:00,ver_tutorial,video
14,2026-03-13 00:00:00,descarga_guia,pdf
192,2026-03-05 00:00:00,login,mobile
15,2026-03-23 00:00:00,login,mobile
338,2026-03-21 00:00:00,ver_tutorial,texto
490,2026-03-11 00:00:00,descarga_guia,pdf
497,2026-03-20 00:00:00,login,tablet
487,2026-03-24 00:00:00,ver_tutorial,texto
376,2026-03-02 00:00:00,simulacion,inicio
411,2026-03-26 00:00:00,descarga_guia,html
29,2026-03-20 00:00:00,login,tablet
196,2026-03-09 00:00:00,login,mobile
92,2026-03-03 00:00:00,simulacion,pausa
11,2026-03-13 00:00:00,simulacion,inicio
400,2026-03-21 00:00:00,ver_tutorial,texto
386,2026-03-10 00:00:00,simulacion,inicio
252,2026-03-22 00:00:00,ver_tutorial,texto
309,2026-03-22 00:00:00,simulacion,pausa
50,2026-03-16 00:00:00,descarga_guia,pdf
229,2026-03-09 00:00:00,ver_tutorial,texto
289,2026-03-25 00:00:00,ver_tutorial,video
217,2026-03-14 00:00:00,descarga_guia,pdf
323,2026-03-02 00:00:00,ver_tutorial,video
263,2026-03-22 00:00:00,descarga_guia,html
115,2026-03-17 00:00:00,simulacion,pausa
323,2026-03-15 00:00:00,login,mobile
224,2026-03-10 00:00:00,login,mobile
77,2026-03-10 00:00:00,simulacion,fin
431,2026-03-14 00:00:00,simulacion,fin
152,2026-03-03 00:00:00,login,tablet
470,2026-03-04 00:00:00,login,tablet
262,2026-03-04 00:00:00,ver_tutorial,texto
238,2026-03-09 00:00:00,descarga_guia,html
300,2026-03-01 00:00:00,login,tablet
59,2026-03-26 00:00:00,ver_tutorial,video
94,2026-03-03 00:00:00,ver_tutorial,video
214,2026-03-19 00:00:00,descarga_guia,html
371,2026-03-20 00:00:00,ver_tutorial,texto
414,2026-03-26 00:00:00,descarga_guia,html
96,2026-03-03 00:00:00,simulacion,inicio
383,2026-03-14 00:00:00,descarga_guia,pdf
274,2026-03-13 00:00:00,login,web
60,2026-03-21 00:00:00,login,web
245,2026-03-22 00:00:00,ver_tutorial,texto
495,2026-03-20 00:00:00,ver_tutorial,texto
417,2026-03-26 00:00:00,descarga_guia,html
155,2026-03-05 00:00:00,login,web
8,2026-03-01 00:00:00,simulacion,inicio
357,2026-03-07 00:00:00,simulacion,inicio
247,2026-03-08 00:00:00,simulacion,fin
224,2026-03-10 00:00:00,simulacion,inicio
395,2026-03-16 00:00:00,ver_tutorial,video
217,2026-03-06 00:00:00,login,web
463,2026-03-23 00:00:00,simulacion,fin
228,2026-03-01 00:00:00,ver_tutorial,texto
441,2026-03-07 00:00:00,ver_tutorial,video
151,2026-03-11 00:00:00,ver_tutorial,video
5,2026-03-23 00:00:00,login,tablet
222,2026-03-24 00:00:00,ver_tutorial,texto
297,2026-03-16 00:00:00,descarga_guia,pdf
205,2026-03-08 00:00:00,ver_tutorial,texto
366,2026-03-01 00:00:00,login,tablet
217,2026-03-09 00:00:00,descarga_guia,pdf
458,2026-03-04 00:00:00,ver_tutorial,texto
254,2026-03-23 00:00:00,descarga_guia,html
224,2026-03-10 00:00:00,login,web
372,2026-03-12 00:00:00,simulacion,pausa
225,2026-03-08 00:00:00,simulacion,fin
301,2026-03-05 00:00:00,descarga_guia,html
453,2026-03-14 00:00:00,descarga_guia,html
427,2026-03-26 00:00:00,descarga_guia,html
498,2026-03-07 00:00:00,simulacion,fin
145,2026-03-16 00:00:00,login,tablet
67,2026-03-06 00:00:00,simulacion,inicio
311,2026-03-26 00:00:00,ver_tutorial,video
213,2026-03-08 00:00:00,ver_tutorial,texto
108,2026-03-12 00:00:00,login,web
452,2026-03-22 00:00:00,descarga_guia,html
82,2026-03-02 00:00:00,simulacion,fin
414,2026-03-14 00:00:00,login,mobile
59,2026-03-18 00:00:00,simulacion,inicio
115,2026-03-11 00:00:00,ver_tutorial,texto
402,2026-03-25 00:00:00,descarga_guia,pdf
450,2026-03-23 00:00:00,descarga_guia,pdf
448,2026-03-02 00:00:00,login,tablet
475,2026-03-25 00:00:00,ver_tutorial,texto
57,2026-03-20 00:00:00,login,tablet
401,2026-03-02 00:00:00,login,tablet
260,2026-03-21 00:00:00,login,web
61,2026-03-06 00:00:00,simulacion,pausa
373,2026-03-25 00:00:00,descarga_guia,html
260,2026-03-05 00:00:00,ver_tutorial,video
332,2026-03-05 00:00:00,descarga_guia,html
63,2026-03-14 00:00:00,simulacion,pausa
394,2026-03-26 00:00:00,login,web
243,2026-03-17 00:00:00,descarga_guia,html
88,2026-03-12 00:00:00,login,mobile
367,2026-03-21 00:00:00,ver_tutorial,texto
341,2026-03-25 00:00:00,simulacion,inicio
386,2026-03-05 00:00:00,ver_tutorial,video
411,2026-03-14 00:00:00,ver_tutorial,texto
460,2026-03-01 00:00:00,ver_tutorial,texto
227,2026-03-23 00:00:00,simulacion,inicio
413,2026-03-11 00:00:00,login,web
162,2026-03-14 00:00:00,ver_tutorial,video
32,2026-03-22 00:00:00,ver_tutorial,video
473,2026-03-02 00:00:00,simulacion,fin
324,2026-03-13 00:00:00,descarga_guia,html
454,2026-03-12 00:00:00,descarga_guia,html
5,2026-03-23 00:00:00,descarga_guia,pdf
207,2026-03-18 00:00:00,ver_tutorial,video
320,2026-03-26 00:00:00,ver_tutorial,texto
401,2026-03-10 00:00:00,ver_tutorial,video
44,2026-03-11 00:00:00,login,tablet
200,2026-03-18 00:00:00,simulacion,fin
146,2026-03-17 00:00:00,simulacion,inicio
283,2026-03-25 00:00:00,descarga_guia,html
326,2026-03-01 00:00:00,simulacion,inicio
456,2026-03-25 00:00:00,descarga_guia,pdf
156,2026-03-24 00:00:00,ver_tutorial,video
31,2026-03-21 00:00:00,descarga_guia,html
260,2026-03-02 00:00:00,descarga_guia,pdf
388,2026-03-10 00:00:00,login,mobile
294,2026-03-11 00:00:00,login,mobile
121,2026-03-10 00:00:00,simulacion,pausa
146,2026-03-13 00:00:00,simulacion,fin
267,2026-03-11 00:00:00,simulacion,inicio
265,2026-03-15 00:00:00,simulacion,pausa
51,2026-03-14 00:00:00,simulacion,fin
425,2026-03-03 00:00:00,ver_tutorial,video
32,2026-03-16 00:00:00,ver_tutorial,video
110,2026-03-12 00:00:00,ver_tutorial,video
347,2026-03-09 00:00:00,ver_tutorial,texto
300,2026-03-15 00:00:00,ver_tutorial,texto
353,2026-03-06 00:00:00,ver_tutorial,texto
74,2026-03-23 00:00:00,simulacion,pausa
235,2026-03-17 00:00:00,simulacion,fin
442,2026-03-07 00:00:00,login,tablet
234,2026-03-24 00:00:00,ver_tutorial,video
81,2026-03-20 00:00:00,descarga_guia,pdf
437,2026-03-04 00:00:00,ver_tutorial,video
190,2026-03-17 00:00:00,descarga_guia,pdf
79,2026-03-10 00:00:00,login,mobile
192,2026-03-16 00:00:00,descarga_guia,html
15,2026-03-26 00:00:00,simulacion,inicio
302,2026-03-10 00:00:00,ver_tutorial,video
456,2026-03-06 00:00:00,descarga_guia,pdf
420,2026-03-04 00:00:00,ver_tutorial,video
281,2026-03-02 00:00:00,descarga_guia,pdf
214,2026-03-19 00:00:00,ver_tutorial,texto
232,2026-03-16 00:00:00,descarga_guia,html
428,2026-03-17 00:00:00,simulacion,inicio
326,2026-03-22 00:00:00,ver_tutorial,texto
230,2026-03-11 00:00:00,simulacion,fin
46,2026-03-08 00:00:00,ver_tutorial,texto
461,2026-03-18 00:00:00,ver_tutorial,texto
24,2026-03-21 00:00:00,ver_tutorial,texto
46,2026-03-01 00:00:00,simulacion,fin
293,2026-03-21 00:00:00,descarga_guia,pdf
287,2026-03-20 00:00:00,login,web
278,2026-03-17 00:00:00,login,tablet
97,2026-03-04 00:00:00,ver_tutorial,video
338,2026-03-09 00:00:00,simulacion,inicio
403,2026-03-23 00:00:00,simulacion,inicio
430,2026-03-26 00:00:00,ver_tutorial,video
274,2026-03-19 00:00:00,descarga_guia,html
24,2026-03-11 00:00:00,ver_tutorial,video
224,2026-03-01 00:00:00,simulacion,pausa
441,2026-03-09 00:00:00,descarga_guia,html
47,2026-03-18 00:00:00,login,web
87,2026-03-06 00:00:00,descarga_guia,pdf
131,2026-03-10 00:00:00,login,web
488,2026-03-02 00:00:00,ver_tutorial,video
315,2026-03-01 00:00:00,descarga_guia,pdf
366,2026-03-13 00:00:00,login,mobile
51,2026-03-14 00:00:00,descarga_guia,pdf
458,2026-03-13 00:00:00,descarga_guia,html
483,2026-03-07 00:00:00,login,web
123,2026-03-17 00:00:00,simulacion,pausa
386,2026-03-09 00:00:00,ver_tutorial,video
32,2026-03-18 00:00:00,descarga_guia,html
209,2026-03-01 00:00:00,login,mobile
209,2026-03-09 00:00:00,simulacion,inicio
284,2026-03-25 00:00:00,login,web
285,2026-03-19 00:00:00,simulacion,pausa
209,2026-03-21 00:00:00,ver_tutorial,video
257,2026-03-12 00:00:00,simulacion,inicio
277,2026-03-18 00:00:00,simulacion,inicio
488,2026-03-02 00:00:00,ver_tutorial,texto
1,2026-03-21 00:00:00,ver_tutorial,texto
498,2026-03-02 00:00:00,simulacion,inicio
478,2026-03-20 00:00:00,ver_tutorial,texto
129,2026-03-21 00:00:00,ver_tutorial,texto
109,2026-03-06 00:00:00,descarga_guia,pdf
379,2026-03-03 00:00:00,login,mobile
203,2026-03-24 00:00:00,login,web
285,2026-03-07 00:00:00,descarga_guia,html
313,2026-03-21 00:00:00,descarga_guia,html
134,2026-03-08 00:00:00,ver_tutorial,texto
340,2026-03-07 00:00:00,descarga_guia,html
236,2026-03-23 00:00:00,descarga_guia,pdf
69,2026-03-16 00:00:00,login,tablet
3,2026-03-06 00:00:00,login,tablet
212,2026-03-18 00:00:00,ver_tutorial,texto
42,2026-03-01 00:00:00,login,tablet
457,2026-03-12 00:00:00,ver_tutorial,video
498,2026-03-13 00:00:00,ver_tutorial,texto
91,2026-03-15 00:00:00,login,web
190,2026-03-01 00:00:00,simulacion,pausa
114,2026-03-22 00:00:00,login,mobile
472,2026-03-03 00:00:00,descarga_guia,pdf
418,2026-03-08 00:00:00,descarga_guia,pdf
253,2026-03-09 00:00:00,descarga_guia,pdf
253,2026-03-07 00:00:00,simulacion,inicio
421,2026-03-09 00:00:00,ver_tutorial,video
292,2026-03-18 00:00:00,ver_tutorial,video
100,2026-03-19 00:00:00,simulacion,inicio
66,2026-03-09 00:00:00,login,web
478,2026-03-24 00:00:00,simulacion,fin
401,2026-03-22 00:00:00,descarga_guia,pdf
12,2026-03-01 00:00:00,descarga_guia,html
481,2026-03-11 00:00:00,ver_tutorial,video
222,2026-03-04 00:00:00,ver_tutorial,texto
349,2026-03-12 00:00:00,ver_tutorial,texto
265,2026-03-08 00:00:00,login,tablet
25,2026-03-18 00:00:00,descarga_guia,html
230,2026-03-13 00:00:00,descarga_guia,pdf
100,2026-03-19 00:00:00,descarga_guia,pdf
414,2026-03-08 00:00:00,login,tablet
354,2026-03-08 00:00:00,ver_tutorial,video
101,2026-03-10 00:00:00,simulacion,pausa
33,2026-03-16 00:00:00,login,web
222,2026-03-26 00:00:00,login,tablet
321,2026-03-08 00:00:00,descarga_guia,html
56,2026-03-11 00:00:00,ver_tutorial,video
427,2026-03-17 00:00:00,login,mobile
407,2026-03-25 00:00:00,simulacion,inicio
308,2026-03-21 00:00:00,ver_tutorial,video
229,2026-03-02 00:00:00,login,web
470,2026-03-11 00:00:00,login,mobile
456,2026-03-02 00:00:00,login,web
471,2026-03-10 00:00:00,ver_tutorial,video
313,2026-03-04 00:00:00,ver_tutorial,video
347,2026-03-02 00:00:00,login,tablet
151,2026-03-04 00:00:00,ver_tutorial,texto
317,2026-03-20 00:00:00,ver_tutorial,video
404,2026-03-13 00:00:00,login,mobile
238,2026-03-11 00:00:00,ver_tutorial,video
334,2026-03-17 00:00:00,login,mobile
169,2026-03-04 00:00:00,simulacion,inicio
7,2026-03-26 00:00:00,login,tablet
431,2026-03-05 00:00:00,simulacion,fin
327,2026-03-14 00:00:00,descarga_guia,html
247,2026-03-08 00:00:00,ver_tutorial,video
71,2026-03-05 00:00:00,login,web
160,2026-03-10 00:00:00,ver_tutorial,texto
299,2026-03-16 00:00:00,simulacion,inicio
159,2026-03-12 00:00:00,descarga_guia,html
497,2026-03-19 00:00:00,login,tablet
337,2026-03-08 00:00:00,simulacion,inicio
260,2026-03-12 00:00:00,login,mobile
101,2026-03-07 00:00:00,simulacion,fin
403,2026-03-07 00:00:00,login,mobile
342,2026-03-20 00:00:00,ver_tutorial,texto
355,2026-03-20 00:00:00,descarga_guia,html
154,2026-03-06 00:00:00,ver_tutorial,texto
54,2026-03-16 00:00:00,ver_tutorial,video
113,2026-03-08 00:00:00,login,tablet
355,2026-03-20 00:00:00,simulacion,pausa
110,2026-03-24 00:00:00,simulacion,pausa
394,2026-03-07 00:00:00,descarga_guia,html
205,2026-03-12 00:00:00,simulacion,inicio
6,2026-03-01 00:00:00,login,mobile
285,2026-03-10 00:00:00,login,web
226,2026-03-19 00:00:00,simulacion,fin
468,2026-03-01 00:00:00,descarga_guia,pdf
102,2026-03-06 00:00:00,simulacion,pausa
113,2026-03-11 00:00:00,descarga_guia,pdf
434,2026-03-07 00:00:00,simulacion,inicio
12,2026-03-04 00:00:00,simulacion,pausa
11,2026-03-21 00:00:00,simulacion,pausa
404,2026-03-07 00:00:00,login,mobile
157,2026-03-12 00:00:00,ver_tutorial,video
415,2026-03-17 00:00:00,descarga_guia,pdf
410,2026-03-04 00:00:00,ver_tutorial,video
74,2026-03-07 00:00:00,simulacion,inicio
273,2026-03-11 00:00:00,ver_tutorial,texto
307,2026-03-02 00:00:00,ver_tutorial,video
391,2026-03-10 00:00:00,simulacion,fin
405,2026-03-08 00:00:00,simulacion,pausa
28,2026-03-17 00:00:00,descarga_guia,pdf
496,2026-03-24 00:00:00,ver_tutorial,video
42,2026-03-06 00:00:00,ver_tutorial,video
261,2026-03-16 00:00:00,ver_tutorial,texto
266,2026-03-11 00:00:00,ver_tutorial,video
365,2026-03-23 00:00:00,descarga_guia,html
490,2026-03-09 00:00:00,ver_tutorial,texto
298,2026-03-07 00:00:00,ver_tutorial,video
113,2026-03-08 00:00:00,simulacion,pausa
203,2026-03-14 00:00:00,simulacion,pausa
456,2026-03-12 00:00:00,ver_tutorial,video
131,2026-03-25 00:00:00,login,web
44,2026-03-17 00:00:00,descarga_guia,html
181,2026-03-02 00:00:00,simulacion,fin
239,2026-03-15 00:00:00,descarga_guia,html
240,2026-03-12 00:00:00,ver_tutorial,texto
412,2026-03-09 00:00:00,ver_tutorial,texto
196,2026-03-15 00:00:00,login,web
120,2026-03-12 00:00:00,descarga_guia,pdf
462,2026-03-17 00:00:00,login,mobile
263,2026-03-08 00:00:00,login,mobile
51,2026-03-12 00:00:00,login,web
20,2026-03-07 00:00:00,simulacion,pausa
346,2026-03-10 00:00:00,descarga_guia,html
382,2026-03-23 00:00:00,descarga_guia,pdf
310,2026-03-24 00:00:00,simulacion,fin
279,2026-03-25 00:00:00,descarga_guia,pdf
154,2026-03-26 00:00:00,descarga_guia,html
207,2026-03-16 00:00:00,ver_tutorial,video
335,2026-03-08 00:00:00,simulacion,pausa
117,2026-03-08 00:00:00,simulacion,pausa
265,2026-03-11 00:00:00,ver_tutorial,texto
406,2026-03-07 00:00:00,login,mobile
220,2026-03-15 00:00:00,ver_tutorial,video
231,2026-03-05 00:00:00,login,mobile
296,2026-03-24 00:00:00,simulacion,pausa
5,2026-03-11 00:00:00,ver_tutorial,texto
116,2026-03-22 00:00:00,ver_tutorial,texto
386,2026-03-11 00:00:00,ver_tutorial,texto
301,2026-03-26 00:00:00,login,tablet
17,2026-03-11 00:00:00,simulacion,inicio
291,2026-03-07 00:00:00,ver_tutorial,texto
486,2026-03-18 00:00:00,ver_tutorial,video
198,2026-03-04 00:00:00,simulacion,pausa
169,2026-03-03 00:00:00,ver_tutorial,texto
88,2026-03-18 00:00:00,login,tablet
91,2026-03-20 00:00:00,login,tablet
251,2026-03-07 00:00:00,login,web
36,2026-03-07 00:00:00,ver_tutorial,texto
120,2026-03-15 00:00:00,descarga_guia,pdf
30,2026-03-06 00:00:00,descarga_guia,pdf
168,2026-03-06 00:00:00,ver_tutorial,texto
57,2026-03-14 00:00:00,simulacion,fin
245,2026-03-07 00:00:00,login,mobile
67,2026-03-14 00:00:00,simulacion,pausa
419,2026-03-20 00:00:00,ver_tutorial,video
295,2026-03-17 00:00:00,descarga_guia,pdf
367,2026-03-07 00:00:00,ver_tutorial,texto
4,2026-03-03 00:00:00,simulacion,pausa
423,2026-03-17 00:00:00,ver_tutorial,video
169,2026-03-15 00:00:00,ver_tutorial,texto
295,2026-03-03 00:00:00,login,tablet
148,2026-03-23 00:00:00,ver_tutorial,texto
432,2026-03-20 00:00:00,descarga_guia,html
422,2026-03-08 00:00:00,simulacion,pausa
92,2026-03-13 00:00:00,ver_tutorial,texto
467,2026-03-19 00:00:00,simulacion,fin
49,2026-03-08 00:00:00,ver_tutorial,video
454,2026-03-21 00:00:00,simulacion,pausa
276,2026-03-23 00:00:00,descarga_guia,pdf
372,2026-03-14 00:00:00,simulacion,pausa
391,2026-03-03 00:00:00,login,mobile
387,2026-03-25 00:00:00,login,tablet
400,2026-03-15 00:00:00,descarga_guia,html
85,2026-03-17 00:00:00,descarga_guia,pdf
23,2026-03-03 00:00:00,ver_tutorial,video
328,2026-03-11 00:00:00,ver_tutorial,texto
382,2026-03-13 00:00:00,ver_tutorial,video
20,2026-03-04 00:00:00,login,mobile
364,2026-03-22 00:00:00,simulacion,pausa
384,2026-03-15 00:00:00,ver_tutorial,texto
35,2026-03-22 00:00:00,login,tablet
125,2026-03-16 00:00:00,ver_tutorial,video
421,2026-03-06 00:00:00,descarga_guia,pdf
430,2026-03-04 00:00:00,login,tablet
91,2026-03-18 00:00:00,descarga_guia,pdf
380,2026-03-03 00:00:00,ver_tutorial,video
344,2026-03-09 00:00:00,login,tablet
79,2026-03-06 00:00:00,ver_tutorial,texto
111,2026-03-18 00:00:00,login,tablet
111,2026-03-21 00:00:00,ver_tutorial,video
416,2026-03-23 00:00:00,login,mobile
158,2026-03-20 00:00:00,ver_tutorial,video
3,2026-03-25 00:00:00,login,mobile
104,2026-03-08 00:00:00,simulacion,pausa
103,2026-03-14 00:00:00,login,web
15,2026-03-07 00:00:00,login,mobile
349,2026-03-04 00:00:00,login,web
409,2026-03-06 00:00:00,simulacion,fin
23,2026-03-11 00:00:00,ver_tutorial,video
166,2026-03-07 00:00:00,simulacion,fin
479,2026-03-04 00:00:00,ver_tutorial,texto
119,2026-03-12 00:00:00,simulacion,inicio
166,2026-03-13 00:00:00,simulacion,inicio
335,2026-03-13 00:00:00,descarga_guia,pdf
109,2026-03-03 00:00:00,ver_tutorial,video
337,2026-03-02 00:00:00,descarga_guia,html
35,2026-03-10 00:00:00,simulacion,pausa
393,2026-03-23 00:00:00,ver_tutorial,video
275,2026-03-04 00:00:00,simulacion,pausa
308,2026-03-22 00:00:00,descarga_guia,html
474,2026-03-06 00:00:00,simulacion,pausa
326,2026-03-03 00:00:00,descarga_guia,html
172,2026-03-19 00:00:00,login,tablet
230,2026-03-17 00:00:00,ver_tutorial,video
301,2026-03-01 00:00:00,login,web
316,2026-03-08 00:00:00,login,mobile
378,2026-03-20 00:00:00,ver_tutorial,video
41,2026-03-12 00:00:00,login,web
256,2026-03-05 00:00:00,descarga_guia,pdf
193,2026-03-02 00:00:00,simulacion,fin
122,2026-03-05 00:00:00,ver_tutorial,texto
143,2026-03-17 00:00:00,descarga_guia,pdf
406,2026-03-25 00:00:00,ver_tutorial,texto
13,2026-03-11 00:00:00,simulacion,fin
176,2026-03-18 00:00:00,simulacion,inicio
28,2026-03-23 00:00:00,simulacion,fin
369,2026-03-13 00:00:00,simulacion,fin
267,2026-03-15 00:00:00,descarga_guia,pdf
323,2026-03-16 00:00:00,login,web
36,2026-03-21 00:00:00,simulacion,inicio
73,2026-03-03 00:00:00,simulacion,inicio
89,2026-03-17 00:00:00,simulacion,inicio
41,2026-03-10 00:00:00,ver_tutorial,texto
85,2026-03-14 00:00:00,simulacion,inicio
91,2026-03-10 00:00:00,simulacion,pausa
296,2026-03-09 00:00:00,ver_tutorial,video
442,2026-03-12 00:00:00,ver_tutorial,video
204,2026-03-16 00:00:00,ver_tutorial,video
226,2026-03-25 00:00:00,ver_tutorial,texto
80,2026-03-25 00:00:00,ver_tutorial,video
196,2026-03-25 00:00:00,ver_tutorial,video
465,2026-03-18 00:00:00,descarga_guia,pdf
373,2026-03-13 00:00:00,simulacion,pausa
238,2026-03-10 00:00:00,descarga_guia,html
193,2026-03-11 00:00:00,ver_tutorial,video
70,2026-03-05 00:00:00,ver_tutorial,video
470,2026-03-01 00:00:00,simulacion,inicio
442,2026-03-13 00:00:00,descarga_guia,html
474,2026-03-24 00:00:00,ver_tutorial,texto
192,2026-03-10 00:00:00,ver_tutorial,texto
329,2026-03-02 00:00:00,login,mobile
472,2026-03-19 00:00:00,login,mobile
84,2026-03-09 00:00:00,simulacion,pausa
395,2026-03-21 00:00:00,descarga_guia,html
353,2026-03-21 00:00:00,descarga_guia,pdf
198,2026-03-08 00:00:00,ver_tutorial,video
245,2026-03-21 00:00:00,login,mobile
362,2026-03-22 00:00:00,login,tablet
331,2026-03-20 00:00:00,simulacion,pausa
234,2026-03-08 00:00:00,simulacion,pausa
309,2026-03-04 00:00:00,simulacion,inicio
395,2026-03-23 00:00:00,login,tablet
470,2026-03-23 00:00:00,ver_tutorial,texto
301,2026-03-07 00:00:00,login,tablet
449,2026-03-14 00:00:00,ver_tutorial,video
130,2026-03-19 00:00:00,descarga_guia,html
158,2026-03-04 00:00:00,ver_tutorial,video
326,2026-03-09 00:00:00,descarga_guia,pdf
384,2026-03-13 00:00:00,simulacion,fin
358,2026-03-06 00:00:00,descarga_guia,pdf
418,2026-03-04 00:00:00,ver_tutorial,video
36,2026-03-21 00:00:00,ver_tutorial,texto
148,2026-03-06 00:00:00,ver_tutorial,video
192,2026-03-05 00:00:00,simulacion,fin
102,2026-03-17 00:00:00,ver_tutorial,video
486,2026-03-19 00:00:00,login,mobile
417,2026-03-07 00:00:00,simulacion,inicio
31,2026-03-09 00:00:00,simulacion,inicio
462,2026-03-21 00:00:00,ver_tutorial,texto
468,2026-03-06 00:00:00,login,tablet
41,2026-03-13 00:00:00,descarga_guia,pdf
64,2026-03-11 00:00:00,descarga_guia,pdf
16,2026-03-16 00:00:00,simulacion,pausa
345,2026-03-02 00:00:00,login,web
137,2026-03-19 00:00:00,login,tablet
405,2026-03-07 00:00:00,login,web
268,2026-03-20 00:00:00,login,mobile
267,2026-03-16 00:00:00,descarga_guia,html
388,2026-03-11 00:00:00,descarga_guia,html
190,2026-03-08 00:00:00,descarga_guia,html
482,2026-03-13 00:00:00,descarga_guia,html
313,2026-03-11 00:00:00,login,mobile
413,2026-03-15 00:00:00,login,web
446,2026-03-01 00:00:00,ver_tutorial,video
309,2026-03-09 00:00:00,login,tablet
487,2026-03-15 00:00:00,simulacion,pausa
317,2026-03-22 00:00:00,ver_tutorial,texto
97,2026-03-11 00:00:00,login,tablet
9,2026-03-26 00:00:00,descarga_guia,pdf
377,2026-03-08 00:00:00,descarga_guia,html
311,2026-03-24 00:00:00,ver_tutorial,texto
314,2026-03-14 00:00:00,login,mobile
481,2026-03-24 00:00:00,ver_tutorial,video
198,2026-03-23 00:00:00,descarga_guia,pdf
74,2026-03-16 00:00:00,login,web
408,2026-03-22 00:00:00,login,mobile
281,2026-03-15 00:00:00,ver_tutorial,video
489,2026-03-22 00:00:00,login,mobile
277,2026-03-07 00:00:00,simulacion,inicio
88,2026-03-14 00:00:00,login,web
367,2026-03-11 00:00:00,login,web
463,2026-03-08 00:00:00,ver_tutorial,texto
369,2026-03-22 00:00:00,descarga_guia,html
64,2026-03-21 00:00:00,simulacion,fin
372,2026-03-26 00:00:00,ver_tutorial,video
355,2026-03-19 00:00:00,descarga_guia,pdf
393,2026-03-11 00:00:00,login,tablet
194,2026-03-26 00:00:00,ver_tutorial,texto
120,2026-03-04 00:00:00,simulacion,pausa
149,2026-03-03 00:00:00,login,web
175,2026-03-04 00:00:00,simulacion,fin
294,2026-03-11 00:00:00,descarga_guia,pdf
489,2026-03-10 00:00:00,ver_tutorial,video
32,2026-03-14 00:00:00,simulacion,pausa
164,2026-03-17 00:00:00,descarga_guia,pdf
340,2026-03-13 00:00:00,simulacion,inicio
5,2026-03-05 00:00:00,ver_tutorial,texto
418,2026-03-16 00:00:00,descarga_guia,pdf
349,2026-03-20 00:00:00,ver_tutorial,video
146,2026-03-22 00:00:00,simulacion,fin
435,2026-03-11 00:00:00,login,tablet
159,2026-03-23 00:00:00,login,mobile
294,2026-03-16 00:00:00,ver_tutorial,video
150,2026-03-26 00:00:00,ver_tutorial,video
171,2026-03-07 00:00:00,simulacion,fin
435,2026-03-24 00:00:00,simulacion,fin
27,2026-03-24 00:00:00,simulacion,pausa
201,2026-03-01 00:00:00,descarga_guia,pdf
281,2026-03-14 00:00:00,ver_tutorial,texto
348,2026-03-25 00:00:00,ver_tutorial,texto
201,2026-03-17 00:00:00,ver_tutorial,video
373,2026-03-23 00:00:00,descarga_guia,html
473,2026-03-18 00:00:00,simulacion,fin
202,2026-03-11 00:00:00,login,web
386,2026-03-10 00:00:00,login,tablet
235,2026-03-05 00:00:00,simulacion,fin
227,2026-03-05 00:00:00,ver_tutorial,texto
108,2026-03-07 00:00:00,simulacion,fin
377,2026-03-24 00:00:00,login,mobile
439,2026-03-26 00:00:00,login,tablet
440,2026-03-14 00:00:00,simulacion,pausa
348,2026-03-04 00:00:00,simulacion,inicio
183,2026-03-02 00:00:00,ver_tutorial,video
61,2026-03-05 00:00:00,descarga_guia,html
322,2026-03-02 00:00:00,ver_tutorial,video
61,2026-03-16 00:00:00,simulacion,pausa
155,2026-03-24 00:00:00,simulacion,fin
193,2026-03-21 00:00:00,login,mobile
196,2026-03-12 00:00:00,descarga_guia,html
6,2026-03-03 00:00:00,login,web
63,2026-03-01 00:00:00,ver_tutorial,video
301,2026-03-23 00:00:00,ver_tutorial,texto
382,2026-03-06 00:00:00,login,tablet
197,2026-03-10 00:00:00,ver_tutorial,texto
293,2026-03-11 00:00:00,simulacion,inicio
33,2026-03-23 00:00:00,simulacion,pausa
11,2026-03-03 00:00:00,ver_tutorial,texto
266,2026-03-22 00:00:00,login,web
460,2026-03-20 00:00:00,login,web
356,2026-03-18 00:00:00,simulacion,inicio
229,2026-03-02 00:00:00,descarga_guia,pdf
66,2026-03-06 00:00:00,simulacion,fin
45,2026-03-03 00:00:00,descarga_guia,pdf
64,2026-03-18 00:00:00,descarga_guia,html
88,2026-03-08 00:00:00,ver_tutorial,video
154,2026-03-26 00:00:00,login,tablet
151,2026-03-19 00:00:00,ver_tutorial,video
252,2026-03-20 00:00:00,descarga_guia,html
276,2026-03-04 00:00:00,simulacion,fin
340,2026-03-02 00:00:00,login,web
97,2026-03-07 00:00:00,simulacion,pausa
491,2026-03-18 00:00:00,simulacion,fin
111,2026-03-05 00:00:00,descarga_guia,html
374,2026-03-18 00:00:00,ver_tutorial,video
131,2026-03-21 00:00:00,descarga_guia,html
463,2026-03-15 00:00:00,simulacion,pausa
43,2026-03-23 00:00:00,descarga_guia,html
74,2026-03-21 00:00:00,simulacion,inicio
376,2026-03-23 00:00:00,descarga_guia,pdf
191,2026-03-05 00:00:00,simulacion,pausa
162,2026-03-01 00:00:00,ver_tutorial,texto
494,2026-03-09 00:00:00,simulacion,inicio
64,2026-03-18 00:00:00,login,tablet
209,2026-03-21 00:00:00,login,mobile
46,2026-03-25 00:00:00,descarga_guia,html
140,2026-03-09 00:00:00,simulacion,inicio
6,2026-03-08 00:00:00,login,mobile
194,2026-03-06 00:00:00,login,web
270,2026-03-04 00:00:00,descarga_guia,html
271,2026-03-18 00:00:00,descarga_guia,html
139,2026-03-06 00:00:00,login,web
163,2026-03-12 00:00:00,ver_tutorial,video
413,2026-03-19 00:00:00,ver_tutorial,texto
66,2026-03-22 00:00:00,descarga_guia,pdf
263,2026-03-05 00:00:00,simulacion,fin
74,2026-03-02 00:00:00,ver_tutorial,texto
471,2026-03-22 00:00:00,descarga_guia,pdf
312,2026-03-06 00:00:00,ver_tutorial,texto
225,2026-03-17 00:00:00,descarga_guia,html
147,2026-03-17 00:00:00,descarga_guia,html
483,2026-03-21 00:00:00,simulacion,pausa
440,2026-03-14 00:00:00,login,mobile
395,2026-03-21 00:00:00,descarga_guia,pdf
41,2026-03-08 00:00:00,login,tablet
484,2026-03-19 00:00:00,login,web
30,2026-03-10 00:00:00,login,tablet
284,2026-03-14 00:00:00,ver_tutorial,video
347,2026-03-16 00:00:00,simulacion,pausa
264,2026-03-01 00:00:00,login,mobile
316,2026-03-01 00:00:00,simulacion,fin
366,2026-03-08 00:00:00,ver_tutorial,texto
379,2026-03-15 00:00:00,login,tablet
494,2026-03-25 00:00:00,simulacion,fin
269,2026-03-03 00:00:00,simulacion,inicio
188,2026-03-12 00:00:00,simulacion,fin
488,2026-03-16 00:00:00,login,mobile
195,2026-03-04 00:00:00,simulacion,pausa
174,2026-03-25 00:00:00,simulacion,fin
440,2026-03-10 00:00:00,login,mobile
248,2026-03-07 00:00:00,descarga_guia,html
2,2026-03-10 00:00:00,ver_tutorial,video
476,2026-03-20 00:00:00,login,mobile
435,2026-03-12 00:00:00,ver_tutorial,video
4,2026-03-10 00:00:00,ver_tutorial,texto
182,2026-03-12 00:00:00,login,web
456,2026-03-12 00:00:00,simulacion,pausa
5,2026-03-16 00:00:00,login,mobile
102,2026-03-17 00:00:00,login,tablet
461,2026-03-04 00:00:00,simulacion,pausa
468,2026-03-05 00:00:00,ver_tutorial,video
394,2026-03-16 00:00:00,descarga_guia,pdf
203,2026-03-12 00:00:00,descarga_guia,html
220,2026-03-26 00:00:00,simulacion,fin
138,2026-03-22 00:00:00,login,mobile
430,2026-03-05 00:00:00,ver_tutorial,video
182,2026-03-12 00:00:00,ver_tutorial,video
453,2026-03-07 00:00:00,simulacion,inicio
146,2026-03-13 00:00:00,login,web
216,2026-03-06 00:00:00,descarga_guia,pdf
342,2026-03-22 00:00:00,simulacion,pausa
137,2026-03-16 00:00:00,login,mobile
282,2026-03-11 00:00:00,ver_tutorial,video
385,2026-03-05 00:00:00,ver_tutorial,texto
57,2026-03-05 00:00:00,login,web
80,2026-03-25 00:00:00,descarga_guia,pdf
351,2026-03-22 00:00:00,simulacion,inicio
425,2026-03-20 00:00:00,descarga_guia,html
378,2026-03-16 00:00:00,login,mobile
149,2026-03-03 00:00:00,descarga_guia,html
390,2026-03-20 00:00:00,ver_tutorial,video
79,2026-03-09 00:00:00,simulacion,inicio
393,2026-03-23 00:00:00,login,mobile
127,2026-03-16 00:00:00,ver_tutorial,video
362,2026-03-24 00:00:00,login,tablet
258,2026-03-19 00:00:00,simulacion,inicio
323,2026-03-04 00:00:00,simulacion,inicio
68,2026-03-09 00:00:00,ver_tutorial,video
99,2026-03-01 00:00:00,simulacion,pausa
316,2026-03-02 00:00:00,simulacion,inicio
195,2026-03-23 00:00:00,ver_tutorial,texto
325,2026-03-11 00:00:00,simulacion,inicio
219,2026-03-17 00:00:00,ver_tutorial,video
219,2026-03-04 00:00:00,login,mobile
138,2026-03-12 00:00:00,descarga_guia,html
365,2026-03-11 00:00:00,ver_tutorial,video
459,2026-03-02 00:00:00,login,web
1,2026-03-24 00:00:00,login,tablet
165,2026-03-16 00:00:00,simulacion,pausa
144,2026-03-06 00:00:00,login,mobile
130,2026-03-11 00:00:00,ver_tutorial,texto
156,2026-03-22 00:00:00,login,web
7,2026-03-12 00:00:00,simulacion,pausa
380,2026-03-08 00:00:00,descarga_guia,html
333,2026-03-19 00:00:00,descarga_guia,pdf
197,2026-03-05 00:00:00,login,web
323,2026-03-19 00:00:00,login,web
496,2026-03-23 00:00:00,simulacion,inicio
229,2026-03-18 00:00:00,login,web
317,2026-03-24 00:00:00,descarga_guia,html
243,2026-03-24 00:00:00,simulacion,fin
79,2026-03-07 00:00:00,login,web
215,2026-03-12 00:00:00,descarga_guia,html
230,2026-03-03 00:00:00,login,mobile
248,2026-03-06 00:00:00,ver_tutorial,video
307,2026-03-10 00:00:00,descarga_guia,pdf
24,2026-03-07 00:00:00,login,tablet
380,2026-03-22 00:00:00,ver_tutorial,texto
273,2026-03-15 00:00:00,login,web
385,2026-03-13 00:00:00,ver_tutorial,texto
311,2026-03-06 00:00:00,descarga_guia,pdf
2,2026-03-07 00:00:00,simulacion,fin
304,2026-03-15 00:00:00,login,tablet
258,2026-03-08 00:00:00,descarga_guia,html
152,2026-03-06 00:00:00,descarga_guia,pdf
115,2026-03-08 00:00:00,login,tablet
150,2026-03-05 00:00:00,login,tablet
483,2026-03-09 00:00:00,descarga_guia,pdf
448,2026-03-08 00:00:00,login,tablet
422,2026-03-04 00:00:00,simulacion,fin
1,2026-03-11 00:00:00,descarga_guia,html
43,2026-03-14 00:00:00,descarga_guia,pdf
460,2026-03-02 00:00:00,descarga_guia,html
321,2026-03-08 00:00:00,login,mobile
375,2026-03-09 00:00:00,descarga_guia,pdf
498,2026-03-22 00:00:00,login,tablet
445,2026-03-24 00:00:00,login,tablet
353,2026-03-21 00:00:00,ver_tutorial,texto
325,2026-03-08 00:00:00,simulacion,pausa
167,2026-03-19 00:00:00,descarga_guia,pdf
323,2026-03-15 00:00:00,ver_tutorial,video
119,2026-03-05 00:00:00,ver_tutorial,texto
462,2026-03-16 00:00:00,ver_tutorial,video
93,2026-03-06 00:00:00,ver_tutorial,video
97,2026-03-21 00:00:00,ver_tutorial,video
145,2026-03-06 00:00:00,login,mobile
454,2026-03-22 00:00:00,simulacion,pausa
312,2026-03-05 00:00:00,simulacion,inicio
37,2026-03-15 00:00:00,ver_tutorial,video
466,2026-03-24 00:00:00,ver_tutorial,video
270,2026-03-25 00:00:00,simulacion,fin
414,2026-03-04 00:00:00,login,tablet
194,2026-03-04 00:00:00,ver_tutorial,video
424,2026-03-02 00:00:00,login,tablet
68,2026-03-09 00:00:00,simulacion,inicio
74,2026-03-26 00:00:00,login,web
55,2026-03-07 00:00:00,descarga_guia,pdf
72,2026-03-06 00:00:00,ver_tutorial,texto
158,2026-03-05 00:00:00,descarga_guia,html
125,2026-03-23 00:00:00,login,tablet
137,2026-03-02 00:00:00,login,web
53,2026-03-17 00:00:00,descarga_guia,pdf
454,2026-03-01 00:00:00,ver_tutorial,video
468,2026-03-08 00:00:00,simulacion,inicio
219,2026-03-12 00:00:00,ver_tutorial,video
336,2026-03-22 00:00:00,descarga_guia,pdf
197,2026-03-06 00:00:00,login,mobile
57,2026-03-10 00:00:00,simulacion,inicio
183,2026-03-11 00:00:00,login,tablet
61,2026-03-02 00:00:00,descarga_guia,pdf
310,2026-03-14 00:00:00,simulacion,inicio
272,2026-03-22 00:00:00,descarga_guia,pdf
218,2026-03-22 00:00:00,simulacion,fin
155,2026-03-04 00:00:00,descarga_guia,html
139,2026-03-09 00:00:00,ver_tutorial,texto
416,2026-03-05 00:00:00,login,web
399,2026-03-05 00:00:00,simulacion,pausa
200,2026-03-03 00:00:00,ver_tutorial,texto
58,2026-03-05 00:00:00,ver_tutorial,texto
47,2026-03-06 00:00:00,descarga_guia,pdf
393,2026-03-11 00:00:00,ver_tutorial,texto
254,2026-03-23 00:00:00,ver_tutorial,texto
499,2026-03-05 00:00:00,ver_tutorial,texto
411,2026-03-14 00:00:00,simulacion,pausa
282,2026-03-18 00:00:00,ver_tutorial,texto
275,2026-03-03 00:00:00,simulacion,pausa
298,2026-03-23 00:00:00,ver_tutorial,video
45,2026-03-01 00:00:00,simulacion,pausa
105,2026-03-18 00:00:00,login,mobile
243,2026-03-02 00:00:00,simulacion,inicio
467,2026-03-25 00:00:00,descarga_guia,html
420,2026-03-15 00:00:00,simulacion,pausa
74,2026-03-07 00:00:00,ver_tutorial,video
424,2026-03-24 00:00:00,simulacion,inicio
71,2026-03-23 00:00:00,login,tablet
74,2026-03-23 00:00:00,ver_tutorial,video
495,2026-03-02 00:00:00,ver_tutorial,texto
360,2026-03-19 00:00:00,login,tablet
38,2026-03-01 00:00:00,ver_tutorial,video
76,2026-03-03 00:00:00,descarga_guia,pdf
126,2026-03-19 00:00:00,login,web
426,2026-03-25 00:00:00,ver_tutorial,video
94,2026-03-24 00:00:00,ver_tutorial,video
271,2026-03-14 00:00:00,descarga_guia,html
370,2026-03-26 00:00:00,descarga_guia,html
331,2026-03-04 00:00:00,login,mobile
80,2026-03-02 00:00:00,login,tablet
310,2026-03-06 00:00:00,simulacion,fin
6,2026-03-22 00:00:00,ver_tutorial,texto
486,2026-03-19 00:00:00,ver_tutorial,texto
257,2026-03-14 00:00:00,descarga_guia,pdf
477,2026-03-03 00:00:00,simulacion,pausa
268,2026-03-24 00:00:00,ver_tutorial,video
109,2026-03-08 00:00:00,ver_tutorial,video
201,2026-03-18 00:00:00,simulacion,fin
310,2026-03-15 00:00:00,login,tablet
245,2026-03-13 00:00:00,descarga_guia,html
85,2026-03-21 00:00:00,login,mobile
218,2026-03-04 00:00:00,simulacion,pausa
54,2026-03-20 00:00:00,login,mobile
399,2026-03-08 00:00:00,descarga_guia,pdf
145,2026-03-04 00:00:00,simulacion,fin
34,2026-03-01 00:00:00,simulacion,fin
388,2026-03-18 00:00:00,descarga_guia,pdf
104,2026-03-09 00:00:00,login,web
44,2026-03-26 00:00:00,login,tablet
248,2026-03-11 00:00:00,login,web
48,2026-03-12 00:00:00,descarga_guia,pdf
385,2026-03-17 00:00:00,descarga_guia,html
100,2026-03-24 00:00:00,descarga_guia,html
183,2026-03-22 00:00:00,simulacion,fin
50,2026-03-24 00:00:00,descarga_guia,html
258,2026-03-26 00:00:00,login,tablet
397,2026-03-19 00:00:00,simulacion,inicio
408,2026-03-19 00:00:00,ver_tutorial,texto
445,2026-03-06 00:00:00,login,mobile
78,2026-03-21 00:00:00,ver_tutorial,video
48,2026-03-26 00:00:00,simulacion,inicio
349,2026-03-06 00:00:00,simulacion,fin
494,2026-03-26 00:00:00,descarga_guia,html
68,2026-03-12 00:00:00,descarga_guia,html
320,2026-03-23 00:00:00,ver_tutorial,video
397,2026-03-07 00:00:00,ver_tutorial,video
313,2026-03-19 00:00:00,login,web
322,2026-03-26 00:00:00,ver_tutorial,video
8,2026-03-18 00:00:00,simulacion,pausa
445,2026-03-04 00:00:00,login,mobile
233,2026-03-10 00:00:00,descarga_guia,pdf
83,2026-03-19 00:00:00,login,mobile
187,2026-03-03 00:00:00,descarga_guia,pdf
92,2026-03-16 00:00:00,ver_tutorial,texto
132,2026-03-04 00:00:00,ver_tutorial,video
498,2026-03-12 00:00:00,ver_tutorial,video
440,2026-03-14 00:00:00,descarga_guia,html
439,2026-03-12 00:00:00,simulacion,pausa
263,2026-03-03 00:00:00,descarga_guia,html
350,2026-03-09 00:00:00,ver_tutorial,texto
450,2026-03-21 00:00:00,login,tablet
30,2026-03-18 00:00:00,simulacion,fin
5,2026-03-10 00:00:00,simulacion,inicio
193,2026-03-13 00:00:00,simulacion,fin
438,2026-03-13 00:00:00,login,web
448,2026-03-12 00:00:00,ver_tutorial,video
239,2026-03-04 00:00:00,ver_tutorial,texto
44,2026-03-04 00:00:00,simulacion,fin
470,2026-03-07 00:00:00,ver_tutorial,texto
206,2026-03-11 00:00:00,descarga_guia,pdf
176,2026-03-23 00:00:00,ver_tutorial,video
380,2026-03-09 00:00:00,ver_tutorial,video
233,2026-03-05 00:00:00,login,tablet
486,2026-03-21 00:00:00,ver_tutorial,video
110,2026-03-20 00:00:00,descarga_guia,pdf
397,2026-03-26 00:00:00,ver_tutorial,video
186,2026-03-07 00:00:00,ver_tutorial,texto
28,2026-03-25 00:00:00,simulacion,inicio
351,2026-03-09 00:00:00,ver_tutorial,texto
326,2026-03-05 00:00:00,simulacion,inicio
36,2026-03-03 00:00:00,descarga_guia,html
153,2026-03-17 00:00:00,ver_tutorial,texto
110,2026-03-02 00:00:00,descarga_guia,pdf
48,2026-03-25 00:00:00,ver_tutorial,texto
153,2026-03-12 00:00:00,simulacion,inicio
483,2026-03-16 00:00:00,ver_tutorial,texto
275,2026-03-14 00:00:00,simulacion,fin
182,2026-03-18 00:00:00,ver_tutorial,video
401,2026-03-24 00:00:00,simulacion,inicio
342,2026-03-22 00:00:00,simulacion,pausa
422,2026-03-05 00:00:00,descarga_guia,pdf
460,2026-03-16 00:00:00,ver_tutorial,video
443,2026-03-26 00:00:00,descarga_guia,pdf
497,2026-03-17 00:00:00,ver_tutorial,texto
370,2026-03-05 00:00:00,login,mobile
325,2026-03-02 00:00:00,ver_tutorial,video
112,2026-03-23 00:00:00,simulacion,pausa
280,2026-03-13 00:00:00,simulacion,fin
111,2026-03-07 00:00:00,descarga_guia,pdf
498,2026-03-12 00:00:00,login,mobile
9,2026-03-17 00:00:00,descarga_guia,html
420,2026-03-16 00:00:00,login,tablet
333,2026-03-14 00:00:00,ver_tutorial,texto
181,2026-03-17 00:00:00,descarga_guia,html
499,2026-03-06 00:00:00,descarga_guia,pdf
235,2026-03-06 00:00:00,ver_tutorial,texto
284,2026-03-14 00:00:00,simulacion,fin
196,2026-03-21 00:00:00,descarga_guia,html
146,2026-03-26 00:00:00,login,web
429,2026-03-21 00:00:00,login,web
9,2026-03-16 00:00:00,ver_tutorial,video
384,2026-03-15 00:00:00,login,tablet
258,2026-03-10 00:00:00,login,tablet
437,2026-03-08 00:00:00,ver_tutorial,video
398,2026-03-04 00:00:00,ver_tutorial,texto
101,2026-03-12 00:00:00,ver_tutorial,video
496,2026-03-21 00:00:00,ver_tutorial,texto
361,2026-03-12 00:00:00,ver_tutorial,video
401,2026-03-10 00:00:00,simulacion,fin
138,2026-03-26 00:00:00,descarga_guia,html
466,2026-03-01 00:00:00,ver_tutorial,video
461,2026-03-01 00:00:00,ver_tutorial,video
14,2026-03-17 00:00:00,simulacion,pausa
420,2026-03-06 00:00:00,descarga_guia,html
492,2026-03-18 00:00:00,ver_tutorial,video
499,2026-03-20 00:00:00,ver_tutorial,video
330,2026-03-26 00:00:00,ver_tutorial,video
478,2026-03-21 00:00:00,ver_tutorial,video
200,2026-03-11 00:00:00,simulacion,pausa
265,2026-03-08 00:00:00,simulacion,pausa
51,2026-03-04 00:00:00,simulacion,fin
324,2026-03-18 00:00:00,ver_tutorial,texto
82,2026-03-03 00:00:00,descarga_guia,pdf
48,2026-03-01 00:00:00,login,mobile
322,2026-03-20 00:00:00,simulacion,inicio
363,2026-03-13 00:00:00,login,tablet
13,2026-03-21 00:00:00,simulacion,pausa
324,2026-03-08 00:00:00,descarga_guia,pdf
335,2026-03-07 00:00:00,simulacion,pausa
275,2026-03-25 00:00:00,simulacion,fin
414,2026-03-22 00:00:00,ver_tutorial,texto
27,2026-03-05 00:00:00,descarga_guia,pdf
322,2026-03-19 00:00:00,login,tablet
444,2026-03-15 00:00:00,login,web
475,2026-03-05 00:00:00,login,web
145,2026-03-03 00:00:00,descarga_guia,pdf
40,2026-03-07 00:00:00,ver_tutorial,texto
201,2026-03-26 00:00:00,login,mobile
12,2026-03-16 00:00:00,ver_tutorial,video
492,2026-03-22 00:00:00,login,web
215,2026-03-21 00:00:00,ver_tutorial,texto
466,2026-03-06 00:00:00,ver_tutorial,video
153,2026-03-22 00:00:00,login,web
291,2026-03-11 00:00:00,login,web
178,2026-03-06 00:00:00,ver_tutorial,video
268,2026-03-07 00:00:00,descarga_guia,pdf
311,2026-03-01 00:00:00,login,tablet
266,2026-03-12 00:00:00,simulacion,inicio
59,2026-03-11 00:00:00,simulacion,inicio
71,2026-03-24 00:00:00,simulacion,inicio
355,2026-03-09 00:00:00,simulacion,pausa
247,2026-03-12 00:00:00,simulacion,inicio
363,2026-03-24 00:00:00,descarga_guia,html
415,2026-03-17 00:00:00,ver_tutorial,texto
485,2026-03-09 00:00:00,ver_tutorial,video
89,2026-03-23 00:00:00,simulacion,fin
144,2026-03-19 00:00:00,ver_tutorial,video
407,2026-03-26 00:00:00,descarga_guia,pdf
106,2026-03-15 00:00:00,ver_tutorial,texto
217,2026-03-20 00:00:00,descarga_guia,html
56,2026-03-07 00:00:00,ver_tutorial,texto
291,2026-03-21 00:00:00,descarga_guia,html
420,2026-03-06 00:00:00,login,mobile
456,2026-03-09 00:00:00,login,tablet
301,2026-03-20 00:00:00,ver_tutorial,texto
424,2026-03-01 00:00:00,descarga_guia,html
59,2026-03-14 00:00:00,simulacion,pausa
405,2026-03-08 00:00:00,simulacion,pausa
38,2026-03-12 00:00:00,simulacion,fin
191,2026-03-04 00:00:00,simulacion,pausa
5,2026-03-23 00:00:00,descarga_guia,pdf
169,2026-03-19 00:00:00,simulacion,pausa
408,2026-03-18 00:00:00,descarga_guia,pdf
34,2026-03-20 00:00:00,ver_tutorial,texto
109,2026-03-18 00:00:00,simulacion,inicio
143,2026-03-21 00:00:00,login,tablet
216,2026-03-11 00:00:00,ver_tutorial,texto
102,2026-03-26 00:00:00,simulacion,inicio
253,2026-03-09 00:00:00,ver_tutorial,video
216,2026-03-15 00:00:00,login,web
88,2026-03-08 00:00:00,descarga_guia,html
296,2026-03-01 00:00:00,login,mobile
330,2026-03-10 00:00:00,login,mobile
68,2026-03-18 00:00:00,ver_tutorial,video
471,2026-03-21 00:00:00,login,mobile
9,2026-03-04 00:00:00,login,mobile
425,2026-03-09 00:00:00,ver_tutorial,texto
163,2026-03-03 00:00:00,descarga_guia,html
285,2026-03-20 00:00:00,descarga_guia,html
25,2026-03-23 00:00:00,ver_tutorial,texto
233,2026-03-12 00:00:00,ver_tutorial,video
481,2026-03-08 00:00:00,login,web
25,2026-03-04 00:00:00,login,web
166,2026-03-06 00:00:00,ver_tutorial,video
46,2026-03-26 00:00:00,simulacion,fin
189,2026-03-02 00:00:00,login,tablet
133,2026-03-02 00:00:00,login,web
485,2026-03-09 00:00:00,descarga_guia,pdf
169,2026-03-23 00:00:00,ver_tutorial,texto
88,2026-03-15 00:00:00,simulacion,fin
62,2026-03-05 00:00:00,simulacion,pausa
386,2026-03-22 00:00:00,ver_tutorial,texto
63,2026-03-16 00:00:00,simulacion,fin
339,2026-03-11 00:00:00,ver_tutorial,texto
396,2026-03-03 00:00:00,ver_tutorial,video
136,2026-03-12 00:00:00,descarga_guia,pdf
286,2026-03-21 00:00:00,simulacion,fin
377,2026-03-03 00:00:00,simulacion,fin
39,2026-03-07 00:00:00,ver_tutorial,video
7,2026-03-13 00:00:00,simulacion,pausa
97,2026-03-11 00:00:00,ver_tutorial,video
107,2026-03-23 00:00:00,descarga_guia,html
233,2026-03-04 00:00:00,simulacion,fin
469,2026-03-12 00:00:00,simulacion,inicio
198,2026-03-25 00:00:00,ver_tutorial,video
205,2026-03-09 00:00:00,simulacion,inicio
217,2026-03-10 00:00:00,simulacion,fin
488,2026-03-15 00:00:00,login,web
449,2026-03-04 00:00:00,login,tablet
124,2026-03-06 00:00:00,login,mobile
137,2026-03-22 00:00:00,login,mobile
272,2026-03-09 00:00:00,ver_tutorial,texto
61,2026-03-14 00:00:00,login,mobile
109,2026-03-17 00:00:00,simulacion,pausa
221,2026-03-15 00:00:00,descarga_guia,pdf
140,2026-03-02 00:00:00,descarga_guia,pdf
333,2026-03-07 00:00:00,ver_tutorial,texto
151,2026-03-06 00:00:00,simulacion,pausa
305,2026-03-17 00:00:00,descarga_guia,html
222,2026-03-02 00:00:00,login,tablet
331,2026-03-08 00:00:00,simulacion,inicio
59,2026-03-19 00:00:00,login,web
137,2026-03-18 00:00:00,simulacion,inicio
52,2026-03-20 00:00:00,descarga_guia,pdf
359,2026-03-13 00:00:00,ver_tutorial,texto
52,2026-03-23 00:00:00,simulacion,fin
138,2026-03-06 00:00:00,ver_tutorial,video
403,2026-03-21 00:00:00,simulacion,pausa
148,2026-03-04 00:00:00,descarga_guia,pdf
95,2026-03-23 00:00:00,ver_tutorial,texto
123,2026-03-22 00:00:00,simulacion,pausa
36,2026-03-11 00:00:00,simulacion,inicio
461,2026-03-01 00:00:00,ver_tutorial,video
342,2026-03-11 00:00:00,ver_tutorial,texto
11,2026-03-03 00:00:00,simulacion,pausa
88,2026-03-12 00:00:00,login,tablet
497,2026-03-16 00:00:00,ver_tutorial,video
448,2026-03-04 00:00:00,simulacion,pausa
24,2026-03-22 00:00:00,login,tablet
149,2026-03-17 00:00:00,simulacion,fin
86,2026-03-04 00:00:00,simulacion,inicio
156,2026-03-16 00:00:00,descarga_guia,html
377,2026-03-22 00:00:00,descarga_guia,html
250,2026-03-15 00:00:00,descarga_guia,html
7,2026-03-23 00:00:00,descarga_guia,html
171,2026-03-09 00:00:00,ver_tutorial,video
352,2026-03-14 00:00:00,login,web
439,2026-03-05 00:00:00,simulacion,fin
183,2026-03-08 00:00:00,ver_tutorial,video
296,2026-03-07 00:00:00,ver_tutorial,texto
382,2026-03-13 00:00:00,login,web
328,2026-03-21 00:00:00,login,mobile
348,2026-03-09 00:00:00,ver_tutorial,video
467,2026-03-13 00:00:00,descarga_guia,html
302,2026-03-10 00:00:00,ver_tutorial,texto
98,2026-03-17 00:00:00,login,tablet
360,2026-03-14 00:00:00,descarga_guia,pdf
408,2026-03-10 00:00:00,ver_tutorial,texto
57,2026-03-22 00:00:00,login,mobile
76,2026-03-17 00:00:00,ver_tutorial,video
495,2026-03-10 00:00:00,descarga_guia,pdf
250,2026-03-26 00:00:00,descarga_guia,pdf
151,2026-03-02 00:00:00,login,mobile
112,2026-03-02 00:00:00,descarga_guia,pdf
251,2026-03-14 00:00:00,descarga_guia,pdf
181,2026-03-09 00:00:00,login,web
71,2026-03-26 00:00:00,descarga_guia,html
440,2026-03-23 00:00:00,simulacion,inicio
139,2026-03-07 00:00:00,simulacion,fin
222,2026-03-08 00:00:00,login,mobile
17,2026-03-08 00:00:00,ver_tutorial,texto
416,2026-03-13 00:00:00,ver_tutorial,texto
496,2026-03-10 00:00:00,login,mobile
306,2026-03-19 00:00:00,descarga_guia,pdf
224,2026-03-22 00:00:00,descarga_guia,pdf
394,2026-03-05 00:00:00,simulacion,pausa
214,2026-03-10 00:00:00,simulacion,pausa
44,2026-03-18 00:00:00,descarga_guia,html
94,2026-03-04 00:00:00,ver_tutorial,texto
71,2026-03-17 00:00:00,ver_tutorial,texto
479,2026-03-12 00:00:00,descarga_guia,html
219,2026-03-14 00:00:00,ver_tutorial,texto
237,2026-03-01 00:00:00,login,tablet
491,2026-03-25 00:00:00,ver_tutorial,video
72,2026-03-19 00:00:00,descarga_guia,pdf
263,2026-03-20 00:00:00,descarga_guia,pdf
279,2026-03-25 00:00:00,descarga_guia,pdf
433,2026-03-13 00:00:00,ver_tutorial,video
344,2026-03-26 00:00:00,login,mobile
391,2026-03-03 00:00:00,ver_tutorial,video
29,2026-03-11 00:00:00,descarga_guia,pdf
305,2026-03-19 00:00:00,login,mobile
247,2026-03-04 00:00:00,descarga_guia,pdf
380,2026-03-07 00:00:00,login,tablet
265,2026-03-24 00:00:00,simulacion,fin
496,2026-03-08 00:00:00,ver_tutorial,video
459,2026-03-21 00:00:00,simulacion,pausa
160,2026-03-20 00:00:00,login,mobile
353,2026-03-03 00:00:00,simulacion,inicio
1,2026-03-04 00:00:00,simulacion,fin
267,2026-03-07 00:00:00,login,web
54,2026-03-17 00:00:00,ver_tutorial,video
228,2026-03-04 00:00:00,ver_tutorial,video
154,2026-03-06 00:00:00,ver_tutorial,texto
420,2026-03-09 00:00:00,simulacion,fin
421,2026-03-14 00:00:00,ver_tutorial,video
75,2026-03-05 00:00:00,login,web
420,2026-03-17 00:00:00,simulacion,inicio
380,2026-03-16 00:00:00,simulacion,pausa
149,2026-03-19 00:00:00,descarga_guia,pdf
253,2026-03-13 00:00:00,descarga_guia,html
198,2026-03-14 00:00:00,login,mobile
417,2026-03-01 00:00:00,ver_tutorial,video
146,2026-03-19 00:00:00,ver_tutorial,video
200,2026-03-10 00:00:00,login,tablet
18,2026-03-12 00:00:00,ver_tutorial,video
493,2026-03-24 00:00:00,simulacion,pausa
235,2026-03-06 00:00:00,descarga_guia,pdf
184,2026-03-23 00:00:00,simulacion,pausa
269,2026-03-06 00:00:00,ver_tutorial,video
336,2026-03-21 00:00:00,simulacion,pausa
369,2026-03-23 00:00:00,descarga_guia,html
440,2026-03-26 00:00:00,simulacion,pausa
391,2026-03-03 00:00:00,descarga_guia,html
470,2026-03-16 00:00:00,ver_tutorial,texto
311,2026-03-23 00:00:00,simulacion,fin
475,2026-03-23 00:00:00,descarga_guia,pdf
166,2026-03-03 00:00:00,descarga_guia,html
24,2026-03-06 00:00:00,login,tablet
119,2026-03-04 00:00:00,login,tablet
256,2026-03-25 00:00:00,ver_tutorial,texto
119,2026-03-06 00:00:00,simulacion,inicio
373,2026-03-03 00:00:00,ver_tutorial,texto
32,2026-03-02 00:00:00,descarga_guia,pdf
434,2026-03-25 00:00:00,login,mobile
192,2026-03-11 00:00:00,login,web
56,2026-03-05 00:00:00,ver_tutorial,texto
327,2026-03-09 00:00:00,simulacion,inicio
252,2026-03-08 00:00:00,ver_tutorial,texto
104,2026-03-17 00:00:00,simulacion,pausa
415,2026-03-19 00:00:00,simulacion,inicio
13,2026-03-02 00:00:00,login,web
415,2026-03-12 00:00:00,simulacion,inicio
397,2026-03-11 00:00:00,ver_tutorial,video
95,2026-03-07 00:00:00,ver_tutorial,video
293,2026-03-12 00:00:00,ver_tutorial,texto
317,2026-03-15 00:00:00,simulacion,inicio
219,2026-03-19 00:00:00,ver_tutorial,video
41,2026-03-10 00:00:00,simulacion,fin
52,2026-03-08 00:00:00,login,mobile
27,2026-03-08 00:00:00,descarga_guia,pdf
421,2026-03-13 00:00:00,descarga_guia,html
361,2026-03-06 00:00:00,descarga_guia,pdf
496,2026-03-18 00:00:00,descarga_guia,pdf
295,2026-03-20 00:00:00,simulacion,fin
257,2026-03-20 00:00:00,descarga_guia,html
30,2026-03-16 00:00:00,login,tablet
480,2026-03-02 00:00:00,descarga_guia,pdf
174,2026-03-07 00:00:00,ver_tutorial,texto
172,2026-03-07 00:00:00,login,web
281,2026-03-08 00:00:00,descarga_guia,pdf
253,2026-03-20 00:00:00,login,tablet
360,2026-03-03 00:00:00,login,mobile
487,2026-03-18 00:00:00,ver_tutorial,video
246,2026-03-24 00:00:00,simulacion,pausa
22,2026-03-16 00:00:00,login,web
260,2026-03-12 00:00:00,simulacion,fin
221,2026-03-26 00:00:00,ver_tutorial,texto
436,2026-03-02 00:00:00,simulacion,inicio
14,2026-03-20 00:00:00,simulacion,fin
441,2026-03-18 00:00:00,ver_tutorial,video
247,2026-03-25 00:00:00,login,mobile
194,2026-03-23 00:00:00,simulacion,pausa
219,2026-03-15 00:00:00,simulacion,inicio
61,2026-03-07 00:00:00,descarga_guia,html
176,2026-03-08 00:00:00,ver_tutorial,video
119,2026-03-01 00:00:00,login,tablet
117,2026-03-26 00:00:00,ver_tutorial,video
8,2026-03-03 00:00:00,simulacion,inicio
30,2026-03-06 00:00:00,simulacion,pausa
145,2026-03-12 00:00:00,login,mobile
309,2026-03-05 00:00:00,simulacion,pausa
311,2026-03-22 00:00:00,ver_tutorial,texto
63,2026-03-09 00:00:00,login,web
481,2026-03-23 00:00:00,simulacion,pausa
377,2026-03-15 00:00:00,descarga_guia,pdf
366,2026-03-25 00:00:00,descarga_guia,html
283,2026-03-17 00:00:00,descarga_guia,pdf
458,2026-03-23 00:00:00,descarga_guia,html
278,2026-03-12 00:00:00,login,web
462,2026-03-09 00:00:00,ver_tutorial,texto
41,2026-03-17 00:00:00,simulacion,inicio
119,2026-03-04 00:00:00,descarga_guia,pdf
191,2026-03-08 00:00:00,simulacion,inicio
358,2026-03-04 00:00:00,ver_tutorial,texto
11,2026-03-09 00:00:00,ver_tutorial,video
143,2026-03-03 00:00:00,ver_tutorial,texto
31,2026-03-16 00:00:00,descarga_guia,html
10,2026-03-15 00:00:00,ver_tutorial,texto
23,2026-03-13 00:00:00,simulacion,inicio
95,2026-03-22 00:00:00,ver_tutorial,video
157,2026-03-25 00:00:00,login,tablet
179,2026-03-25 00:00:00,login,tablet
458,2026-03-26 00:00:00,descarga_guia,html
386,2026-03-11 00:00:00,simulacion,inicio
372,2026-03-26 00:00:00,ver_tutorial,texto
374,2026-03-18 00:00:00,login,web
199,2026-03-14 00:00:00,descarga_guia,html
294,2026-03-13 00:00:00,descarga_guia,pdf
240,2026-03-01 00:00:00,simulacion,inicio
144,2026-03-08 00:00:00,descarga_guia,pdf
395,2026-03-19 00:00:00,descarga_guia,html
203,2026-03-09 00:00:00,login,tablet
186,2026-03-26 00:00:00,descarga_guia,html
335,2026-03-10 00:00:00,login,web
292,2026-03-06 00:00:00,descarga_guia,html
228,2026-03-15 00:00:00,ver_tutorial,video
5,2026-03-12 00:00:00,ver_tutorial,video
246,2026-03-02 00:00:00,simulacion,pausa
297,2026-03-20 00:00:00,login,mobile
283,2026-03-15 00:00:00,descarga_guia,pdf
93,2026-03-09 00:00:00,descarga_guia,html
445,2026-03-08 00:00:00,ver_tutorial,video
323,2026-03-20 00:00:00,simulacion,inicio
336,2026-03-04 00:00:00,login,web
336,2026-03-22 00:00:00,login,web
260,2026-03-02 00:00:00,ver_tutorial,texto
284,2026-03-23 00:00:00,simulacion,inicio
133,2026-03-22 00:00:00,descarga_guia,pdf
433,2026-03-20 00:00:00,descarga_guia,pdf
121,2026-03-03 00:00:00,descarga_guia,pdf
260,2026-03-17 00:00:00,ver_tutorial,video
40,2026-03-11 00:00:00,simulacion,inicio
293,2026-03-03 00:00:00,descarga_guia,html
329,2026-03-05 00:00:00,ver_tutorial,texto
13,2026-03-11 00:00:00,descarga_guia,html
500,2026-03-16 00:00:00,ver_tutorial,texto
483,2026-03-06 00:00:00,descarga_guia,pdf
189,2026-03-05 00:00:00,login,mobile
467,2026-03-20 00:00:00,login,web
109,2026-03-07 00:00:00,descarga_guia,html
194,2026-03-24 00:00:00,login,tablet
77,2026-03-03 00:00:00,ver_tutorial,video
491,2026-03-17 00:00:00,simulacion,fin
295,2026-03-17 00:00:00,ver_tutorial,video
409,2026-03-16 00:00:00,login,tablet
338,2026-03-09 00:00:00,ver_tutorial,texto
100,2026-03-11 00:00:00,descarga_guia,pdf
125,2026-03-15 00:00:00,descarga_guia,pdf
162,2026-03-08 00:00:00,login,tablet
228,2026-03-03 00:00:00,ver_tutorial,texto
181,2026-03-21 00:00:00,login,mobile
248,2026-03-26 00:00:00,simulacion,pausa
215,2026-03-05 00:00:00,simulacion,fin
474,2026-03-22 00:00:00,simulacion,pausa
300,2026-03-09 00:00:00,simulacion,fin
408,2026-03-11 00:00:00,descarga_guia,html
61,2026-03-14 00:00:00,login,mobile
259,2026-03-16 00:00:00,simulacion,fin
324,2026-03-15 00:00:00,simulacion,inicio
8,2026-03-14 00:00:00,simulacion,inicio
135,2026-03-05 00:00:00,ver_tutorial,video
446,2026-03-01 00:00:00,login,mobile
354,2026-03-05 00:00:00,simulacion,inicio
264,2026-03-12 00:00:00,ver_tutorial,texto
66,2026-03-23 00:00:00,ver_tutorial,video
151,2026-03-11 00:00:00,login,mobile
303,2026-03-02 00:00:00,login,tablet
38,2026-03-14 00:00:00,descarga_guia,html
323,2026-03-10 00:00:00,ver_tutorial,texto
388,2026-03-24 00:00:00,ver_tutorial,video
94,2026-03-01 00:00:00,login,web
304,2026-03-13 00:00:00,descarga_guia,html
165,2026-03-17 00:00:00,ver_tutorial,video
370,2026-03-08 00:00:00,descarga_guia,pdf
153,2026-03-02 00:00:00,ver_tutorial,texto
289,2026-03-11 00:00:00,ver_tutorial,texto
197,2026-03-05 00:00:00,descarga_guia,pdf
22,2026-03-17 00:00:00,simulacion,pausa
143,2026-03-12 00:00:00,descarga_guia,pdf
146,2026-03-10 00:00:00,simulacion,inicio
141,2026-03-08 00:00:00,ver_tutorial,texto
454,2026-03-09 00:00:00,simulacion,pausa
311,2026-03-22 00:00:00,login,web
143,2026-03-07 00:00:00,simulacion,inicio
283,2026-03-20 00:00:00,simulacion,inicio
463,2026-03-18 00:00:00,login,tablet
410,2026-03-16 00:00:00,simulacion,inicio
427,2026-03-07 00:00:00,login,mobile
145,2026-03-17 00:00:00,ver_tutorial,texto
65,2026-03-04 00:00:00,ver_tutorial,texto
367,2026-03-14 00:00:00,login,mobile
253,2026-03-05 00:00:00,descarga_guia,pdf
143,2026-03-26 00:00:00,login,mobile
41,2026-03-03 00:00:00,simulacion,fin
168,2026-03-11 00:00:00,simulacion,fin
142,2026-03-23 00:00:00,ver_tutorial,video
353,2026-03-14 00:00:00,descarga_guia,pdf
52,2026-03-18 00:00:00,descarga_guia,pdf
339,2026-03-21 00:00:00,login,tablet
5,2026-03-19 00:00:00,simulacion,inicio
193,2026-03-07 00:00:00,simulacion,fin
136,2026-03-16 00:00:00,ver_tutorial,video
417,2026-03-16 00:00:00,simulacion,fin
145,2026-03-21 00:00:00,simulacion,inicio
449,2026-03-24 00:00:00,login,tablet
384,2026-03-14 00:00:00,simulacion,inicio
35,2026-03-23 00:00:00,ver_tutorial,video
92,2026-03-23 00:00:00,login,mobile
135,2026-03-21 00:00:00,ver_tutorial,video
179,2026-03-10 00:00:00,ver_tutorial,video
431,2026-03-22 00:00:00,simulacion,pausa
249,2026-03-20 00:00:00,ver_tutorial,texto
183,2026-03-04 00:00:00,ver_tutorial,texto
113,2026-03-14 00:00:00,login,mobile
497,2026-03-08 00:00:00,ver_tutorial,texto
340,2026-03-06 00:00:00,ver_tutorial,video
238,2026-03-12 00:00:00,descarga_guia,pdf
357,2026-03-25 00:00:00,ver_tutorial,video
452,2026-03-20 00:00:00,ver_tutorial,texto
211,2026-03-10 00:00:00,simulacion,inicio
138,2026-03-02 00:00:00,simulacion,pausa
288,2026-03-22 00:00:00,descarga_guia,html
163,2026-03-26 00:00:00,ver_tutorial,texto
227,2026-03-09 00:00:00,ver_tutorial,texto
468,2026-03-16 00:00:00,login,mobile
373,2026-03-21 00:00:00,simulacion,pausa
420,2026-03-15 00:00:00,login,mobile
210,2026-03-06 00:00:00,simulacion,fin
275,2026-03-04 00:00:00,simulacion,fin
486,2026-03-20 00:00:00,descarga_guia,pdf
277,2026-03-01 00:00:00,login,tablet
411,2026-03-25 00:00:00,ver_tutorial,video
361,2026-03-25 00:00:00,descarga_guia,html
393,2026-03-02 00:00:00,login,tablet
266,2026-03-18 00:00:00,simulacion,pausa
102,2026-03-13 00:00:00,simulacion,fin
441,2026-03-26 00:00:00,simulacion,pausa
83,2026-03-14 00:00:00,descarga_guia,html
111,2026-03-02 00:00:00,simulacion,inicio
433,2026-03-04 00:00:00,login,tablet
257,2026-03-02 00:00:00,ver_tutorial,texto
81,2026-03-01 00:00:00,descarga_guia,html
118,2026-03-09 00:00:00,simulacion,inicio
384,2026-03-21 00:00:00,login,mobile
206,2026-03-09 00:00:00,simulacion,fin
442,2026-03-03 00:00:00,login,web
259,2026-03-01 00:00:00,ver_tutorial,video
381,2026-03-24 00:00:00,simulacion,inicio
302,2026-03-20 00:00:00,ver_tutorial,video
440,2026-03-14 00:00:00,descarga_guia,html
263,2026-03-09 00:00:00,login,mobile
235,2026-03-09 00:00:00,simulacion,inicio
497,2026-03-10 00:00:00,ver_tutorial,texto
220,2026-03-14 00:00:00,login,web
288,2026-03-10 00:00:00,descarga_guia,html
465,2026-03-01 00:00:00,simulacion,pausa
255,2026-03-25 00:00:00,ver_tutorial,texto
280,2026-03-08 00:00:00,login,mobile
296,2026-03-25 00:00:00,login,mobile
119,2026-03-16 00:00:00,ver_tutorial,texto
289,2026-03-10 00:00:00,login,tablet
171,2026-03-03 00:00:00,simulacion,fin
49,2026-03-16 00:00:00,simulacion,inicio
304,2026-03-05 00:00:00,simulacion,inicio
207,2026-03-02 00:00:00,ver_tutorial,video
393,2026-03-14 00:00:00,ver_tutorial,texto
160,2026-03-02 00:00:00,descarga_guia,pdf
165,2026-03-09 00:00:00,ver_tutorial,video
354,2026-03-26 00:00:00,simulacion,fin
251,2026-03-21 00:00:00,ver_tutorial,texto
121,2026-03-23 00:00:00,descarga_guia,html
248,2026-03-14 00:00:00,login,web
359,2026-03-05 00:00:00,login,mobile
388,2026-03-17 00:00:00,login,web
384,2026-03-07 00:00:00,login,web
225,2026-03-14 00:00:00,login,web
254,2026-03-26 00:00:00,simulacion,fin
269,2026-03-24 00:00:00,ver_tutorial,video
448,2026-03-01 00:00:00,ver_tutorial,texto
152,2026-03-10 00:00:00,login,mobile
369,2026-03-20 00:00:00,descarga_guia,html
456,2026-03-05 00:00:00,descarga_guia,pdf
149,2026-03-23 00:00:00,simulacion,fin
191,2026-03-15 00:00:00,descarga_guia,html
108,2026-03-06 00:00:00,descarga_guia,pdf
269,2026-03-11 00:00:00,ver_tutorial,video
214,2026-03-16 00:00:00,simulacion,inicio
35,2026-03-23 00:00:00,login,mobile
97,2026-03-04 00:00:00,simulacion,fin
276,2026-03-04 00:00:00,ver_tutorial,texto
32,2026-03-03 00:00:00,ver_tutorial,video
180,2026-03-21 00:00:00,simulacion,pausa
8,2026-03-10 00:00:00,simulacion,pausa
421,2026-03-12 00:00:00,ver_tutorial,texto
320,2026-03-18 00:00:00,ver_tutorial,texto
278,2026-03-19 00:00:00,simulacion,inicio
79,2026-03-07 00:00:00,login,tablet
144,2026-03-19 00:00:00,simulacion,pausa
53,2026-03-19 00:00:00,simulacion,fin
331,2026-03-19 00:00:00,ver_tutorial,texto
396,2026-03-07 00:00:00,descarga_guia,html
87,2026-03-07 00:00:00,login,web
47,2026-03-06 00:00:00,simulacion,inicio
244,2026-03-03 00:00:00,login,mobile
459,2026-03-17 00:00:00,login,web
414,2026-03-22 00:00:00,ver_tutorial,texto
242,2026-03-17 00:00:00,descarga_guia,html
390,2026-03-18 00:00:00,login,web
202,2026-03-23 00:00:00,ver_tutorial,texto
243,2026-03-17 00:00:00,descarga_guia,html
163,2026-03-07 00:00:00,login,tablet
490,2026-03-09 00:00:00,simulacion,fin
365,2026-03-18 00:00:00,simulacion,pausa
227,2026-03-22 00:00:00,ver_tutorial,texto
62,2026-03-06 00:00:00,ver_tutorial,texto
13,2026-03-25 00:00:00,descarga_guia,html
344,2026-03-07 00:00:00,descarga_guia,html
316,2026-03-12 00:00:00,simulacion,pausa
92,2026-03-15 00:00:00,login,web
185,2026-03-19 00:00:00,simulacion,inicio
159,2026-03-12 00:00:00,descarga_guia,pdf
469,2026-03-20 00:00:00,descarga_guia,pdf
140,2026-03-09 00:00:00,login,tablet
329,2026-03-02 00:00:00,ver_tutorial,texto
357,2026-03-21 00:00:00,descarga_guia,html
30,2026-03-16 00:00:00,login,tablet
312,2026-03-06 00:00:00,ver_tutorial,texto
243,2026-03-12 00:00:00,login,web
15,2026-03-24 00:00:00,simulacion,fin
91,2026-03-14 00:00:00,simulacion,inicio
428,2026-03-15 00:00:00,login,web
327,2026-03-04 00:00:00,login,mobile
440,2026-03-21 00:00:00,descarga_guia,pdf
315,2026-03-22 00:00:00,login,mobile
435,2026-03-19 00:00:00,descarga_guia,pdf
370,2026-03-22 00:00:00,descarga_guia,pdf
207,2026-03-03 00:00:00,ver_tutorial,video
99,2026-03-09 00:00:00,simulacion,fin
43,2026-03-02 00:00:00,simulacion,pausa
142,2026-03-17 00:00:00,simulacion,fin
210,2026-03-24 00:00:00,simulacion,fin
432,2026-03-09 00:00:00,login,mobile
288,2026-03-11 00:00:00,descarga_guia,pdf
239,2026-03-15 00:00:00,login,tablet
46,2026-03-06 00:00:00,login,web
374,2026-03-11 00:00:00,login,web
303,2026-03-26 00:00:00,login,web
6,2026-03-12 00:00:00,simulacion,fin
236,2026-03-08 00:00:00,login,tablet
158,2026-03-25 00:00:00,simulacion,fin
378,2026-03-02 00:00:00,simulacion,pausa
195,2026-03-09 00:00:00,descarga_guia,pdf
72,2026-03-08 00:00:00,descarga_guia,html
428,2026-03-07 00:00:00,simulacion,pausa
91,2026-03-23 00:00:00,descarga_guia,html
226,2026-03-16 00:00:00,descarga_guia,pdf
182,2026-03-25 00:00:00,descarga_guia,html
329,2026-03-02 00:00:00,ver_tutorial,video
487,2026-03-18 00:00:00,ver_tutorial,video
292,2026-03-14 00:00:00,simulacion,fin
178,2026-03-11 00:00:00,descarga_guia,pdf
359,2026-03-17 00:00:00,descarga_guia,pdf
396,2026-03-07 00:00:00,simulacion,pausa
240,2026-03-04 00:00:00,descarga_guia,pdf
265,2026-03-05 00:00:00,simulacion,pausa
240,2026-03-19 00:00:00,descarga_guia,html
194,2026-03-23 00:00:00,login,mobile
54,2026-03-06 00:00:00,descarga_guia,pdf
216,2026-03-11 00:00:00,ver_tutorial,texto
332,2026-03-12 00:00:00,login,web
157,2026-03-18 00:00:00,simulacion,pausa
96,2026-03-26 00:00:00,login,mobile
316,2026-03-24 00:00:00,ver_tutorial,texto
205,2026-03-09 00:00:00,ver_tutorial,video
371,2026-03-16 00:00:00,descarga_guia,html
348,2026-03-02 00:00:00,ver_tutorial,texto
498,2026-03-04 00:00:00,simulacion,fin
216,2026-03-19 00:00:00,ver_tutorial,texto
206,2026-03-17 00:00:00,login,web
86,2026-03-19 00:00:00,descarga_guia,pdf
385,2026-03-22 00:00:00,simulacion,inicio
171,2026-03-10 00:00:00,login,web
406,2026-03-15 00:00:00,simulacion,pausa
203,2026-03-01 00:00:00,simulacion,pausa
338,2026-03-06 00:00:00,simulacion,inicio
155,2026-03-06 00:00:00,descarga_guia,pdf
121,2026-03-03 00:00:00,simulacion,pausa
371,2026-03-22 00:00:00,simulacion,inicio
285,2026-03-16 00:00:00,descarga_guia,pdf
82,2026-03-16 00:00:00,descarga_guia,pdf
282,2026-03-16 00:00:00,ver_tutorial,video
343,2026-03-23 00:00:00,ver_tutorial,texto
125,2026-03-05 00:00:00,login,mobile
163,2026-03-25 00:00:00,simulacion,pausa
168,2026-03-20 00:00:00,descarga_guia,html
202,2026-03-16 00:00:00,login,mobile
343,2026-03-20 00:00:00,login,web
92,2026-03-12 00:00:00,simulacion,pausa
175,2026-03-20 00:00:00,login,tablet
385,2026-03-21 00:00:00,ver_tutorial,video
118,2026-03-07 00:00:00,simulacion,pausa
23,2026-03-14 00:00:00,simulacion,pausa
48,2026-03-21 00:00:00,descarga_guia,html
93,2026-03-10 00:00:00,ver_tutorial,video
160,2026-03-02 00:00:00,ver_tutorial,texto
134,2026-03-06 00:00:00,ver_tutorial,video
204,2026-03-26 00:00:00,login,mobile
43,2026-03-21 00:00:00,descarga_guia,pdf
442,2026-03-06 00:00:00,ver_tutorial,video
164,2026-03-17 00:00:00,simulacion,fin
197,2026-03-16 00:00:00,ver_tutorial,video
335,2026-03-25 00:00:00,ver_tutorial,texto
28,2026-03-09 00:00:00,descarga_guia,html
380,2026-03-26 00:00:00,login,tablet
411,2026-03-25 00:00:00,ver_tutorial,texto
243,2026-03-04 00:00:00,descarga_guia,html
403,2026-03-18 00:00:00,simulacion,pausa
389,2026-03-05 00:00:00,ver_tutorial,video
4,2026-03-07 00:00:00,descarga_guia,html
264,2026-03-02 00:00:00,ver_tutorial,texto
238,2026-03-04 00:00:00,descarga_guia,pdf
445,2026-03-12 00:00:00,ver_tutorial,texto
26,2026-03-14 00:00:00,descarga_guia,html
173,2026-03-18 00:00:00,descarga_guia,pdf
137,2026-03-12 00:00:00,simulacion,pausa
214,2026-03-11 00:00:00,login,mobile
153,2026-03-04 00:00:00,login,tablet
183,2026-03-24 00:00:00,login,tablet
203,2026-03-03 00:00:00,simulacion,inicio
274,2026-03-24 00:00:00,login,web
75,2026-03-09 00:00:00,ver_tutorial,texto
177,2026-03-24 00:00:00,ver_tutorial,video
421,2026-03-03 00:00:00,ver_tutorial,video
168,2026-03-05 00:00:00,descarga_guia,pdf
312,2026-03-17 00:00:00,login,mobile
372,2026-03-21 00:00:00,login,mobile
384,2026-03-13 00:00:00,descarga_guia,html
12,2026-03-09 00:00:00,simulacion,fin
370,2026-03-04 00:00:00,login,mobile
407,2026-03-09 00:00:00,simulacion,fin
156,2026-03-26 00:00:00,simulacion,fin
26,2026-03-07 00:00:00,descarga_guia,html
390,2026-03-24 00:00:00,ver_tutorial,texto
353,2026-03-17 00:00:00,simulacion,pausa
344,2026-03-13 00:00:00,login,tablet
466,2026-03-10 00:00:00,simulacion,fin
140,2026-03-07 00:00:00,login,mobile
10,2026-03-09 00:00:00,ver_tutorial,video
137,2026-03-04 00:00:00,ver_tutorial,texto
114,2026-03-23 00:00:00,simulacion,inicio
167,2026-03-20 00:00:00,simulacion,inicio
148,2026-03-21 00:00:00,ver_tutorial,texto
305,2026-03-16 00:00:00,descarga_guia,html
477,2026-03-11 00:00:00,login,mobile
164,2026-03-05 00:00:00,descarga_guia,html
237,2026-03-18 00:00:00,ver_tutorial,video
358,2026-03-13 00:00:00,simulacion,fin
131,2026-03-22 00:00:00,ver_tutorial,video
437,2026-03-16 00:00:00,login,tablet
288,2026-03-07 00:00:00,descarga_guia,pdf
383,2026-03-10 00:00:00,descarga_guia,html
385,2026-03-22 00:00:00,descarga_guia,html
240,2026-03-20 00:00:00,login,web
300,2026-03-12 00:00:00,simulacion,fin
290,2026-03-25 00:00:00,ver_tutorial,texto
12,2026-03-08 00:00:00,descarga_guia,html
193,2026-03-20 00:00:00,simulacion,pausa
486,2026-03-13 00:00:00,login,web
112,2026-03-19 00:00:00,simulacion,inicio
149,2026-03-25 00:00:00,simulacion,inicio
399,2026-03-12 00:00:00,ver_tutorial,texto
385,2026-03-20 00:00:00,simulacion,pausa
143,2026-03-21 00:00:00,descarga_guia,html
55,2026-03-08 00:00:00,descarga_guia,html
440,2026-03-25 00:00:00,ver_tutorial,texto
238,2026-03-06 00:00:00,descarga_guia,html
474,2026-03-10 00:00:00,simulacion,pausa
2,2026-03-21 00:00:00,descarga_guia,html
89,2026-03-19 00:00:00,login,mobile
335,2026-03-14 00:00:00,ver_tutorial,texto
97,2026-03-08 00:00:00,login,tablet
71,2026-03-19 00:00:00,login,tablet
375,2026-03-11 00:00:00,ver_tutorial,video
313,2026-03-19 00:00:00,simulacion,inicio
321,2026-03-12 00:00:00,ver_tutorial,video
12,2026-03-06 00:00:00,ver_tutorial,video
235,2026-03-06 00:00:00,descarga_guia,pdf
242,2026-03-05 00:00:00,simulacion,pausa
151,2026-03-07 00:00:00,login,web
296,2026-03-08 00:00:00,ver_tutorial,texto
351,2026-03-26 00:00:00,ver_tutorial,video
91,2026-03-26 00:00:00,ver_tutorial,video
